v1,v2,v1+v2,v1-v2,r,q,odchylka,n,U
0.0003596586552232113,-0.00014940940683035855,0.0005090680620535699,0.00021024924839285275,9.211225645039272e-07,6.665945039048318e-19,0.16055564510767795,4.0,300
0.0003152083220046508,-3.0130207250000156e-05,0.00034533852925465095,0.00028507811475465063,1.0725860254703006e-06,5.265572849512864e-19,0.2865120722468757,3.0,300
0.00036752230821407374,-4.345702969216035e-05,0.00041097933790623404,0.0003240652785219134,1.1435797227669075e-06,6.681206431585735e-19,0.17008105710879828,4.0,300
0.00022266554259037038,-6.746186513035437e-05,0.0002901274077207248,0.000155203677460016,7.914093902527006e-07,3.2640621003220795e-19,0.03726732187637172,2.0,300
-0.000109263388928571,0.00029509392540168027,0.00040435731433025127,0.00018583053647310926,8.659817419314526e-07,4.977857903507697e-19,0.10693452761195221,3.0,300
-0.00012788783022555915,0.000373730455312499,0.000501618285538058,0.0002458426250869398,9.960446052066703e-07,7.102653091015171e-19,0.4331273720317981,4.0,300
0.00024377324272366156,-2.7315847231002143e-05,0.0002710890899546637,0.00021645739549265943,9.346228821097693e-07,3.6017777045442304e-19,0.24805282271032691,2.0,300
0.00034062033745535893,-0.00023524738737499895,0.0005758677248303578,0.00010537295008035999,6.521008476730454e-07,5.3383366691884925e-19,0.3319276763266621,3.0,300
0.0002189406543324389,-8.111978874999897e-05,0.00030006044308243787,0.0001378208655824399,7.457747614381196e-07,3.181155395076076e-19,0.014478973436285791,2.0,300
0.00022639043084821486,-0.0001270600772745786,0.00035345050812279346,9.933035357363626e-05,6.331275121996937e-07,3.18118006695659e-19,0.01446357445967461,2.0,300
0.0002284598132138763,-7.118675339285592e-05,0.00029964656660673217,0.00015727305982102035,7.966679822438712e-07,3.393556822292409e-19,0.11809157010363025,2.0,300
-0.00011795479486752468,0.00028640251946580886,0.0004043573143333335,0.00016844772459828416,8.244850205962917e-07,4.739325412307723e-19,0.0419457432258854,3.0,300
-0.0001667922187053556,0.00041602863087500505,0.0005828208495803608,0.00024923641216964944,1.00289609589739e-06,8.309205053317088e-19,0.1861978741833834,5.0,300
-4.0559894375003395e-05,0.0001981640553749971,0.00023872394975000047,0.0001576041609999937,7.975061392176199e-07,2.7064404925763036e-19,0.31077271060969447,2.0,300
0.0002781249899998171,-4.0973770848214045e-05,0.00031909876084803114,0.00023715121915160304,9.782793269226361e-07,4.437684780667377e-19,0.23021501718681492,3.0,300
0.0002392206015178576,-0.00010760788303571278,0.00034682848455357037,0.00013161271848214485,7.287844961792431e-07,3.59320784837619e-19,0.24270393920636213,2.0,300
0.00023632346620535666,-2.317708249997033e-06,0.0002386411744553537,0.00023400575795535963,9.717699542619488e-07,3.2966838542000963e-19,0.05762821916181826,2.0,300
0.0006361281393274836,-0.000263225436964283,0.0008993535762917665,0.0003729027023632006,1.2267271030225993e-06,1.5683640642147024e-18,0.21104146114577205,10.0,300
0.0003596586552232113,-0.00014940940683035855,0.0005090680620535699,0.00021024924839285275,9.211225645039272e-07,6.665945039048318e-19,0.16055564510767795,4.0,300
0.0003152083220046508,-3.0130207250000156e-05,0.00034533852925465095,0.00028507811475465063,1.0725860254703006e-06,5.265572849512864e-19,0.2865120722468757,3.0,300
0.00036752230821407374,-4.345702969216035e-05,0.00041097933790623404,0.0003240652785219134,1.1435797227669075e-06,6.681206431585735e-19,0.17008105710879828,4.0,300
0.00022266554259037038,-6.746186513035437e-05,0.0002901274077207248,0.000155203677460016,7.914093902527006e-07,3.2640621003220795e-19,0.03726732187637172,2.0,300
-0.000109263388928571,0.00029509392540168027,0.00040435731433025127,0.00018583053647310926,8.659817419314526e-07,4.977857903507697e-19,0.10693452761195221,3.0,300
-0.00012788783022555915,0.000373730455312499,0.000501618285538058,0.0002458426250869398,9.960446052066703e-07,7.102653091015171e-19,0.4331273720317981,4.0,300
0.00024377324272366156,-2.7315847231002143e-05,0.0002710890899546637,0.00021645739549265943,9.346228821097693e-07,3.6017777045442304e-19,0.24805282271032691,2.0,300
0.00034062033745535893,-0.00023524738737499895,0.0005758677248303578,0.00010537295008035999,6.521008476730454e-07,5.3383366691884925e-19,0.3319276763266621,3.0,300
0.0002189406543324389,-8.111978874999897e-05,0.00030006044308243787,0.0001378208655824399,7.457747614381196e-07,3.181155395076076e-19,0.014478973436285791,2.0,300
0.00022639043084821486,-0.0001270600772745786,0.00035345050812279346,9.933035357363626e-05,6.331275121996937e-07,3.18118006695659e-19,0.01446357445967461,2.0,300
0.0002284598132138763,-7.118675339285592e-05,0.00029964656660673217,0.00015727305982102035,7.966679822438712e-07,3.393556822292409e-19,0.11809157010363025,2.0,300
-0.00011795479486752468,0.00028640251946580886,0.0004043573143333335,0.00016844772459828416,8.244850205962917e-07,4.739325412307723e-19,0.0419457432258854,3.0,300
-0.0001667922187053556,0.00041602863087500505,0.0005828208495803608,0.00024923641216964944,1.00289609589739e-06,8.309205053317088e-19,0.1861978741833834,5.0,300
-4.0559894375003395e-05,0.0001981640553749971,0.00023872394975000047,0.0001576041609999937,7.975061392176199e-07,2.7064404925763036e-19,0.31077271060969447,2.0,300
0.0002781249899998171,-4.0973770848214045e-05,0.00031909876084803114,0.00023715121915160304,9.782793269226361e-07,4.437684780667377e-19,0.23021501718681492,3.0,300
0.0002392206015178576,-0.00010760788303571278,0.00034682848455357037,0.00013161271848214485,7.287844961792431e-07,3.59320784837619e-19,0.24270393920636213,2.0,300
0.00023632346620535666,-2.317708249997033e-06,0.0002386411744553537,0.00023400575795535963,9.717699542619488e-07,3.2966838542000963e-19,0.05762821916181826,2.0,300
0.0006361281393274836,-0.000263225436964283,0.0008993535762917665,0.0003729027023632006,1.2267271030225993e-06,1.5683640642147024e-18,0.21104146114577205,10.0,300
-7.160062987080377e-05,0.0003294456726785717,0.0004010463025493755,0.0002578450428077679,1.0200690913825527e-06,5.815573666677385e-19,0.3702044186238047,4.0,300
-2.4418711911029926e-05,0.0002259765543750048,0.00025039526628603477,0.00020155784246397488,9.018826779505473e-07,3.2102925892519567e-19,0.0037070327490225097,2.0,300
-8.856956526785498e-05,0.0003013020725000004,0.00038987163776785537,0.00021273250723214543,9.265462967416691e-07,5.135198351689052e-19,0.2051387111223173,3.0,300
-0.00021273250723086146,0.0003599069811071424,0.0005726394883380038,0.00014717447387628096,7.706664292623533e-07,6.27359083463902e-19,0.08433258761466833,4.0,300
-8.69140593749981e-05,0.00022746650967856848,0.0003143805690535666,0.00014055245030357037,7.531290607019454e-07,3.3658407014804334e-19,0.10079252814795048,2.0,300
-4.345702968750016e-05,0.00020776598955450943,0.0002512230192420096,0.00016430895986700928,8.142932194520192e-07,2.9080957750072564e-19,0.18490938308912042,2.0,300
-4.105654614285722e-05,0.0003395442586250013,0.0003806008047678585,0.0002984877124821441,1.0975224791863144e-06,5.938155725739601e-19,0.2936947152235141,4.0,300
-7.61532710714288e-05,0.0002850781147499973,0.0003612313858214261,0.0002089248436785685,9.182168078486115e-07,4.715189720213542e-19,0.05701005734830744,3.0,300
-9.85026006077769e-05,0.0003298595491517854,0.0004283621497595623,0.0002313569485440085,9.66254365491073e-07,5.883977654160631e-19,0.3275100077632067,4.0,300
0.0002458426250892867,-1.821056482142807e-05,0.0002640531899107148,0.00022763206026785865,9.584443682394857e-07,3.59771522834071e-19,0.24551722450142144,2.0,300
0.00019741907772321445,-4.75130191243573e-05,0.00024493209684757174,0.00014990605859885716,7.777854025844986e-07,2.7081576653485405e-19,0.30970093566566104,2.0,300
-0.000179622389374998,0.0002433593662499994,0.0004229817556249973,6.373697687500138e-05,5.071610887704223e-07,3.0495518173756415e-19,0.09661946588116233,2.0,300
-0.00010313801712499833,0.00034666293396428495,0.00044980095108928327,0.00024352491683928663,9.91338326950606e-07,6.338853617333787e-19,0.043598762573273664,4.0,300
0.0002516368957142848,-1.986607071428606e-05,0.0002715029664285709,0.00023177082499999878,9.67118249727308e-07,3.73269593566108e-19,0.329765555463144,2.0,300
0.00020652436013392708,-1.8210564808596506e-05,0.00022473492494252362,0.00018831379532533056,8.717486097368992e-07,2.785032636870277e-19,0.2617193524304777,2.0,300
0.00027771111352678556,-7.44977651785726e-05,0.00035220887870535816,0.00020321334834821295,9.055789339040097e-07,4.534141477125744e-19,0.17001148256307408,3.0,300
0.0003008881960240522,-0.00021811290138112487,0.0005190010974051771,8.277529464292735e-05,5.779637003419881e-07,4.264197343858323e-19,0.33849735830167926,3.0,300
0.0001949358188839282,-5.9598212137890487e-05,0.00025453403102181874,0.0001353376067460377,7.390255297635793e-07,2.6740760424290243e-19,0.330973011538112,2.0,300
0.0003923548966080722,-0.0001237490654910712,0.0005161039620991434,0.000268605831117001,1.041137078523058e-06,7.638596382747271e-19,0.23236313609397463,5.0,300
0.0002719168429018225,-0.00013575148321992757,0.0004076683261217501,0.0001361653596818949,7.412821014895781e-07,4.2959472543372863e-19,0.31868062286490284,3.0,300
0.00021256695664285767,-4.92513003113138e-05,0.00026181825695417146,0.0001633156563315439,8.118281485509023e-07,3.0215688111375356e-19,0.11408508461774525,2.0,300
0.0003360676962530285,-0.0001419596303119648,0.0004780273265649933,0.0001941080659410637,8.850585185538357e-07,6.014411885033127e-19,0.24609936420210765,4.0,300
0.0003923548966071441,-0.00013740698910600906,0.0005297618857131531,0.00025494790750113505,1.0143221775430915e-06,7.638799072878957e-19,0.23223662686435276,5.0,300
0.0003497256198660718,-6.290922392857119e-05,0.000412634843794643,0.00028681639593750057,1.075851135070544e-06,6.310830802359483e-19,0.061089227968678994,4.0,300
-0.00012871558316590755,0.00038242186124942944,0.0005111374444153369,0.0002537062780835219,1.0118492226019935e-06,7.352278607136971e-19,0.41106863555908557,5.0,300
-0.0001022274888830522,0.0003551060140178578,0.00045733350290090997,0.0002528785251348056,1.0101972227648913e-06,6.567614365395183e-19,0.09918246591729041,4.0,300
-0.00015106491272321422,0.00034682848455403284,0.000497893397277247,0.00019576357183081862,8.888247420219835e-07,6.291018447525678e-19,0.073455127216842,4.0,300
-5.1734559151785965e-05,0.0002073521130786172,0.0002590866722304032,0.00015561755392683123,7.924639002181054e-07,2.9187239154704737e-19,0.17827581957453886,2.0,300
-1.738281187500003e-05,0.00019990233656249986,0.0002172851484374999,0.00018251952468749982,8.582323087617637e-07,2.650961125323228e-19,0.34540020802523563,2.0,300
0.00020776598955465835,-3.3523994330356615e-05,0.00024128998388501494,0.00017424199522430173,8.385454620446434e-07,2.8763012079466884e-19,0.204753990971829,2.0,300
0.0003476562375001756,-0.0001599218692500008,0.0005075781067501765,0.00018773436825017482,8.704064247549847e-07,6.280488515165613e-19,0.08002739405472248,4.0,300
0.00020859374250000029,-5.6783852116396014e-05,0.0002653775946163963,0.00015180989038360429,7.82708821593734e-07,2.952792561662379e-19,0.15701184313840177,2.0,300
-3.0626859017855506e-05,0.0003526227551800737,0.0003832496141979292,0.0003219958961622182,1.1399225988533392e-06,6.21048541445997e-19,0.12371989288418828,4.0,300
-9.229445352678589e-05,0.00021728514843750033,0.00030957960196428624,0.00012499069491071443,7.102136852794432e-07,3.125574322150659e-19,0.04916995053951134,2.0,300
-0.0003128906137499997,0.0006071567862053571,0.0009200473999553569,0.0002942661724553574,1.0897336593565976e-06,1.4252761702116224e-18,0.10412585001147612,9.0,300
-5.959821214285483e-05,0.00024294548977649638,0.0003025437019193512,0.00018334727763364155,8.601762122905497e-07,3.699508257721431e-19,0.3090514361610839,2.0,300
-5.95982121412888e-05,0.0002359095897321428,0.0002955078018734316,0.000176311377590854,8.435102506137213e-07,3.5434619392365203e-19,0.21165498487510748,2.0,300
-8.27752946428539e-05,0.00023541293796428578,0.00031818823260713967,0.0001526376433214319,7.848398051545738e-07,3.5500428229803004e-19,0.21576244943558498,2.0,300
-0.00010139973593744237,0.0003228236491071431,0.0004242233850445854,0.00022142391316970074,9.452843244716164e-07,5.700664960363166e-19,0.44192479194327916,4.0,300
-0.0001614118245535731,0.0003426897198214296,0.0005041015443750028,0.0001812778952678565,8.553081697369987e-07,6.129274963423292e-19,0.17440746959283615,4.0,300
-4.3043153169405044e-05,0.00024335936624999928,0.00028640251941940435,0.00020031621308059424,8.991005140416154e-07,3.6606106276750532e-19,0.28477344507013536,2.0,300
-4.7595794411541596e-05,0.0003870572777496839,0.00043465307216122536,0.0003394614833381423,1.1704300071394627e-06,7.231970691031218e-19,0.48615893056943804,5.0,300
-0.00014113187736522275,0.00036917781410655186,0.0005103096914717745,0.0002280459367413291,9.593152856103067e-07,6.959269211369506e-19,0.34363419343781754,4.0,300
-0.00015131323860657724,0.00035924477875138883,0.0005105580173579661,0.0002079315401448116,9.160314414672896e-07,6.648504041001857e-19,0.14966983035021464,4.0,300
-0.00011588541250000023,0.0003066824666517849,0.0004225678791517851,0.00019079705415178466,8.774775778866465e-07,5.271096484000238e-19,0.28995965372457055,3.0,300
0.00037579983769196263,-0.00013906249500067247,0.0005148623326926351,0.00023673734269129016,9.77425307295502e-07,7.153904787582543e-19,0.465116164952474,4.0,300
0.00023715121915178535,-5.794270681462734e-06,0.0002429454898332481,0.00023135694847032263,9.662543653371997e-07,3.3370965056848814e-19,0.08285181225834881,2.0,300
0.00024211773683076413,-3.807663553571492e-05,0.0002801943723664791,0.0002040411012950492,9.0742141583803e-07,3.6144056237689268e-19,0.25593454995357723,2.0,300
0.00031744325495513626,-4.428478263392863e-05,0.0003617280375890649,0.0002731584723212076,1.0499232011966803e-06,5.398935777426331e-19,0.36975066472373186,3.0,300
-7.863652991071367e-05,0.0003145461196428578,0.00039318264955357147,0.00023590958973214416,9.757150254563356e-07,5.453631558280641e-19,0.40388908597742157,3.0,300
-6.580635921988307e-05,0.0003070963431250006,0.00037290270234488363,0.00024128998390511754,9.86778872653893e-07,5.230989271809687e-19,0.26492670084070635,3.0,300
-0.00017300036579895626,0.00011133277129464299,0.0002843331370935993,6.166759450431327e-05,4.988600194156186e-07,2.016390451650178e-19,0.2585319301630622,1.0,300
-7.160062987080377e-05,0.0003294456726785717,0.0004010463025493755,0.0002578450428077679,1.0200690913825527e-06,5.815573666677385e-19,0.3702044186238047,4.0,300
-2.4418711911029926e-05,0.0002259765543750048,0.00025039526628603477,0.00020155784246397488,9.018826779505473e-07,3.2102925892519567e-19,0.0037070327490225097,2.0,300
-8.856956526785498e-05,0.0003013020725000004,0.00038987163776785537,0.00021273250723214543,9.265462967416691e-07,5.135198351689052e-19,0.2051387111223173,3.0,300
-0.00021273250723086146,0.0003599069811071424,0.0005726394883380038,0.00014717447387628096,7.706664292623533e-07,6.27359083463902e-19,0.08433258761466833,4.0,300
-8.69140593749981e-05,0.00022746650967856848,0.0003143805690535666,0.00014055245030357037,7.531290607019454e-07,3.3658407014804334e-19,0.10079252814795048,2.0,300
-4.345702968750016e-05,0.00020776598955450943,0.0002512230192420096,0.00016430895986700928,8.142932194520192e-07,2.9080957750072564e-19,0.18490938308912042,2.0,300
-4.105654614285722e-05,0.0003395442586250013,0.0003806008047678585,0.0002984877124821441,1.0975224791863144e-06,5.938155725739601e-19,0.2936947152235141,4.0,300
-7.61532710714288e-05,0.0002850781147499973,0.0003612313858214261,0.0002089248436785685,9.182168078486115e-07,4.715189720213542e-19,0.05701005734830744,3.0,300
-9.85026006077769e-05,0.0003298595491517854,0.0004283621497595623,0.0002313569485440085,9.66254365491073e-07,5.883977654160631e-19,0.3275100077632067,4.0,300
0.0002458426250892867,-1.821056482142807e-05,0.0002640531899107148,0.00022763206026785865,9.584443682394857e-07,3.59771522834071e-19,0.24551722450142144,2.0,300
0.00019741907772321445,-4.75130191243573e-05,0.00024493209684757174,0.00014990605859885716,7.777854025844986e-07,2.7081576653485405e-19,0.30970093566566104,2.0,300
-0.000179622389374998,0.0002433593662499994,0.0004229817556249973,6.373697687500138e-05,5.071610887704223e-07,3.0495518173756415e-19,0.09661946588116233,2.0,300
-0.00010313801712499833,0.00034666293396428495,0.00044980095108928327,0.00024352491683928663,9.91338326950606e-07,6.338853617333787e-19,0.043598762573273664,4.0,300
0.0002516368957142848,-1.986607071428606e-05,0.0002715029664285709,0.00023177082499999878,9.67118249727308e-07,3.73269593566108e-19,0.329765555463144,2.0,300
0.00020652436013392708,-1.8210564808596506e-05,0.00022473492494252362,0.00018831379532533056,8.717486097368992e-07,2.785032636870277e-19,0.2617193524304777,2.0,300
0.00027771111352678556,-7.44977651785726e-05,0.00035220887870535816,0.00020321334834821295,9.055789339040097e-07,4.534141477125744e-19,0.17001148256307408,3.0,300
0.0003008881960240522,-0.00021811290138112487,0.0005190010974051771,8.277529464292735e-05,5.779637003419881e-07,4.264197343858323e-19,0.33849735830167926,3.0,300
0.0001949358188839282,-5.9598212137890487e-05,0.00025453403102181874,0.0001353376067460377,7.390255297635793e-07,2.6740760424290243e-19,0.330973011538112,2.0,300
0.0003923548966080722,-0.0001237490654910712,0.0005161039620991434,0.000268605831117001,1.041137078523058e-06,7.638596382747271e-19,0.23236313609397463,5.0,300
0.0002719168429018225,-0.00013575148321992757,0.0004076683261217501,0.0001361653596818949,7.412821014895781e-07,4.2959472543372863e-19,0.31868062286490284,3.0,300
0.00021256695664285767,-4.92513003113138e-05,0.00026181825695417146,0.0001633156563315439,8.118281485509023e-07,3.0215688111375356e-19,0.11408508461774525,2.0,300
0.0003360676962530285,-0.0001419596303119648,0.0004780273265649933,0.0001941080659410637,8.850585185538357e-07,6.014411885033127e-19,0.24609936420210765,4.0,300
0.0003923548966071441,-0.00013740698910600906,0.0005297618857131531,0.00025494790750113505,1.0143221775430915e-06,7.638799072878957e-19,0.23223662686435276,5.0,300
0.0003497256198660718,-6.290922392857119e-05,0.000412634843794643,0.00028681639593750057,1.075851135070544e-06,6.310830802359483e-19,0.061089227968678994,4.0,300
-0.00012871558316590755,0.00038242186124942944,0.0005111374444153369,0.0002537062780835219,1.0118492226019935e-06,7.352278607136971e-19,0.41106863555908557,5.0,300
-0.0001022274888830522,0.0003551060140178578,0.00045733350290090997,0.0002528785251348056,1.0101972227648913e-06,6.567614365395183e-19,0.09918246591729041,4.0,300
-0.00015106491272321422,0.00034682848455403284,0.000497893397277247,0.00019576357183081862,8.888247420219835e-07,6.291018447525678e-19,0.073455127216842,4.0,300
-5.1734559151785965e-05,0.0002073521130786172,0.0002590866722304032,0.00015561755392683123,7.924639002181054e-07,2.9187239154704737e-19,0.17827581957453886,2.0,300
-1.738281187500003e-05,0.00019990233656249986,0.0002172851484374999,0.00018251952468749982,8.582323087617637e-07,2.650961125323228e-19,0.34540020802523563,2.0,300
0.00020776598955465835,-3.3523994330356615e-05,0.00024128998388501494,0.00017424199522430173,8.385454620446434e-07,2.8763012079466884e-19,0.204753990971829,2.0,300
0.0003476562375001756,-0.0001599218692500008,0.0005075781067501765,0.00018773436825017482,8.704064247549847e-07,6.280488515165613e-19,0.08002739405472248,4.0,300
0.00020859374250000029,-5.6783852116396014e-05,0.0002653775946163963,0.00015180989038360429,7.82708821593734e-07,2.952792561662379e-19,0.15701184313840177,2.0,300
-3.0626859017855506e-05,0.0003526227551800737,0.0003832496141979292,0.0003219958961622182,1.1399225988533392e-06,6.21048541445997e-19,0.12371989288418828,4.0,300
-9.229445352678589e-05,0.00021728514843750033,0.00030957960196428624,0.00012499069491071443,7.102136852794432e-07,3.125574322150659e-19,0.04916995053951134,2.0,300
-0.0003128906137499997,0.0006071567862053571,0.0009200473999553569,0.0002942661724553574,1.0897336593565976e-06,1.4252761702116224e-18,0.10412585001147612,9.0,300
-5.959821214285483e-05,0.00024294548977649638,0.0003025437019193512,0.00018334727763364155,8.601762122905497e-07,3.699508257721431e-19,0.3090514361610839,2.0,300
-5.95982121412888e-05,0.0002359095897321428,0.0002955078018734316,0.000176311377590854,8.435102506137213e-07,3.5434619392365203e-19,0.21165498487510748,2.0,300
-8.27752946428539e-05,0.00023541293796428578,0.00031818823260713967,0.0001526376433214319,7.848398051545738e-07,3.5500428229803004e-19,0.21576244943558498,2.0,300
-0.00010139973593744237,0.0003228236491071431,0.0004242233850445854,0.00022142391316970074,9.452843244716164e-07,5.700664960363166e-19,0.44192479194327916,4.0,300
-0.0001614118245535731,0.0003426897198214296,0.0005041015443750028,0.0001812778952678565,8.553081697369987e-07,6.129274963423292e-19,0.17440746959283615,4.0,300
-4.3043153169405044e-05,0.00024335936624999928,0.00028640251941940435,0.00020031621308059424,8.991005140416154e-07,3.6606106276750532e-19,0.28477344507013536,2.0,300
-4.7595794411541596e-05,0.0003870572777496839,0.00043465307216122536,0.0003394614833381423,1.1704300071394627e-06,7.231970691031218e-19,0.48615893056943804,5.0,300
-0.00014113187736522275,0.00036917781410655186,0.0005103096914717745,0.0002280459367413291,9.593152856103067e-07,6.959269211369506e-19,0.34363419343781754,4.0,300
-0.00015131323860657724,0.00035924477875138883,0.0005105580173579661,0.0002079315401448116,9.160314414672896e-07,6.648504041001857e-19,0.14966983035021464,4.0,300
-0.00011588541250000023,0.0003066824666517849,0.0004225678791517851,0.00019079705415178466,8.774775778866465e-07,5.271096484000238e-19,0.28995965372457055,3.0,300
0.00037579983769196263,-0.00013906249500067247,0.0005148623326926351,0.00023673734269129016,9.77425307295502e-07,7.153904787582543e-19,0.465116164952474,4.0,300
0.00023715121915178535,-5.794270681462734e-06,0.0002429454898332481,0.00023135694847032263,9.662543653371997e-07,3.3370965056848814e-19,0.08285181225834881,2.0,300
0.00024211773683076413,-3.807663553571492e-05,0.0002801943723664791,0.0002040411012950492,9.0742141583803e-07,3.6144056237689268e-19,0.25593454995357723,2.0,300
0.00031744325495513626,-4.428478263392863e-05,0.0003617280375890649,0.0002731584723212076,1.0499232011966803e-06,5.398935777426331e-19,0.36975066472373186,3.0,300
-7.863652991071367e-05,0.0003145461196428578,0.00039318264955357147,0.00023590958973214416,9.757150254563356e-07,5.453631558280641e-19,0.40388908597742157,3.0,300
-6.580635921988307e-05,0.0003070963431250006,0.00037290270234488363,0.00024128998390511754,9.86778872653893e-07,5.230989271809687e-19,0.26492670084070635,3.0,300
-0.00017300036579895626,0.00011133277129464299,0.0002843331370935993,6.166759450431327e-05,4.988600194156186e-07,2.016390451650178e-19,0.2585319301630622,1.0,300
-4.1801523794642454e-05,0.0002561895369217917,0.00029799106071643416,0.00021438801312714922,9.301445483324721e-07,3.377344385952051e-19,0.1079725632498838,2.0,350
-0.00021190475428497902,0.0004896158678124996,0.0007015206220974785,0.00027771111352752054,1.0586364062109057e-06,9.049173894792936e-19,0.35194990192764486,6.0,350
-2.110770013392902e-05,0.0002429454897767843,0.0002640531899107133,0.00022183778964285526,9.46167355326785e-07,3.044255118534906e-19,0.09992540526907567,2.0,350
-7.367001223288303e-05,0.00030544083723214145,0.00037911084946502447,0.00023177082499925843,9.671182497257633e-07,4.467529804529735e-19,0.21158721846037398,3.0,350
0.0004680942912059191,-0.00023756509562500086,0.00070565938683092,0.00023052919558091823,9.645242756790467e-07,8.293349201661284e-19,0.1763014299840826,5.0,350
0.00025287852513398144,-5.7528829780170995e-05,0.0003104073549141524,0.00019534969535381044,8.878846838529041e-07,3.358228430922996e-19,0.09604132257180087,2.0,350
-1.2416294198310664e-05,0.00022307941905565546,0.00023549571325396615,0.0002106631248573448,9.220287354511551e-07,2.64575197444319e-19,0.348651504274035,2.0,350
-0.00011795479486867971,0.0003112351078571431,0.00042918990272582287,0.00019328031298846343,8.831693840089097e-07,4.618651225624725e-19,0.11726464634939537,3.0,350
-0.00010346911830357272,0.0002785388664699154,0.0003820079847734881,0.00017506974816634268,8.405348965314202e-07,3.9124595099153393e-19,0.44196515345969,2.0,350
-0.00010926338892999741,0.00023880672504464305,0.00034807011397464046,0.00012954333611464564,7.230323581228251e-07,3.066522361180691e-19,0.08602728556538697,2.0,350
-0.00016679221870169095,0.0003675223082089117,0.0005343145269106025,0.00020073008950722074,9.000288575131657e-07,5.859695965342361e-19,0.3426654458734535,4.0,350
-3.435174727678531e-05,0.0002549479074983501,0.0002892996547751354,0.00022059616022156482,9.435157834905269e-07,3.3259732472200943e-19,0.075909220393795,2.0,350
-8.650018290178463e-05,0.0002648809428569114,0.000351381125758696,0.00017838075995512678,8.484459875890641e-07,3.632656192869985e-19,0.26732565921940976,2.0,350
-7.90504063860855e-05,0.00026446706638406773,0.00034351747277015316,0.00018541665999798223,8.650168594636467e-07,3.6207210819162987e-19,0.25987634888719713,2.0,350
-0.0001179547948660723,0.00026901970759130056,0.00038697450245737285,0.00015106491272522826,7.807859636442254e-07,3.6815950250359407e-19,0.29787087572514226,2.0,350
-3.559337669489661e-05,0.00025039526629227555,0.0002859886429871722,0.00021480188959737892,9.310419383546252e-07,3.2444396306605336e-19,0.025019939630784638,2.0,350
-0.00011216052424107234,0.00028855467712499995,0.00040071520136607236,0.0001763941528839276,8.437082344762333e-07,4.1195499429197093e-19,0.42877916485723144,3.0,350
0.0002599144251810878,-6.456472982142834e-05,0.00032447915500251616,0.00019534969535965946,8.878846838661964e-07,3.5104681198323984e-19,0.19106186255391266,2.0,350
0.0004751301912488852,-0.00031247673727678537,0.0007876069285256706,0.00016265345397209984,8.101806011371772e-07,7.775226240723623e-19,0.1470854862538058,5.0,350
0.0004846493501337518,-0.0002524646486607144,0.0007371139987944661,0.00023218470147303745,9.679813630176288e-07,8.694073780945554e-19,0.42641403978030734,5.0,350
0.00027026133700892873,-4.759579441964316e-05,0.00031785713142857186,0.00022266554258928558,9.47930949318154e-07,3.671388381562898e-19,0.29150038993946437,2.0,350
0.00010777343362499926,-1.3244047142856985e-05,0.00012101748076785624,9.452938648214227e-05,6.176374409298097e-07,9.107588277251952e-20,0.4315490512107948,1.0,350
-0.00020900761897321344,0.0004548502440624995,0.0006638578630357128,0.0002458426250892861,9.960446052114234e-07,8.057040705791687e-19,0.028809267849855935,5.0,350
-9.933035357111499e-05,0.00025825891928571464,0.00035758927285682964,0.00015892856571459964,8.008499951387211e-07,3.4894527822350844e-19,0.17794512052226352,2.0,350
-0.00030047431955357,0.0005094819385267854,0.0008099562580803552,0.0002090076189732154,9.183986869843744e-07,9.063887074225567e-19,0.34276665763335057,6.0,350
-0.00021314638370535386,0.00040559894374999977,0.0006187453274553537,0.0001924525600446459,8.812761998783847e-07,6.644245033702133e-19,0.14701156707927243,4.0,350
-0.00017962238937260834,0.00034186196687500194,0.0005214843562476103,0.0001622395775023936,8.091491804844091e-07,5.141520242422532e-19,0.20908452496039365,3.0,350
-5.6701076830357334e-05,0.0003070963431293227,0.00036379741995968,0.00025039526629896535,1.0052249338970965e-06,4.455993347185777e-19,0.21878770878031872,3.0,350
-7.367001223045122e-05,0.00022829426262500018,0.0003019642748554514,0.00015462425039454897,7.89930711325866e-07,2.9064725821830742e-19,0.1859225003632936,2.0,350
-5.132068267857139e-05,0.0002268043073302893,0.0002781249900088607,0.00017548362465171792,8.41527850121863e-07,2.8518729420822215e-19,0.2200009152784701,2.0,350
-9.80887241502768e-05,0.000281436001785715,0.00037952472593599183,0.0001833472776354382,8.601762122947642e-07,3.9778570322497126e-19,0.4827830763694143,2.0,350
-9.643321825892806e-05,0.0002760556076339291,0.00037248882589285717,0.00017962238937500104,8.513936953258504e-07,3.864251156282641e-19,0.4118758657933599,2.0,350
-9.063894763392758e-05,0.00032199589616187534,0.0004126348437958029,0.00023135694852794775,9.662543654575343e-07,4.858240762937384e-19,0.032275380778886475,3.0,350
-2.4832587373391488e-06,0.0002371512191517859,0.00023963447788912504,0.00023466796041444674,9.73143967113279e-07,2.8415026436617433e-19,0.22647354644809803,2.0,350
-6.208147098214154e-06,0.00020942149544642805,0.0002156296425446422,0.0002032133483482139,9.055789339040118e-07,2.3793396436956563e-19,0.4850669977350677,1.0,350
-9.7674847678572e-05,0.0002450148721428574,0.0003426897198214294,0.0001473400244642854,7.710997531218907e-07,3.2198327033094907e-19,0.009661503595171705,2.0,350
-3.517950022321464e-05,0.00025229909807594373,0.0002874785982991584,0.0002171195978527291,9.360514238471542e-07,3.2788903490938405e-19,0.04652238680310239,2.0,350
-5.007905325811149e-05,0.0002963355548214293,0.00034641460807954073,0.0002462565015633178,9.968826740237002e-07,4.207866106631717e-19,0.3736565511342258,3.0,350
-3.2696241383929046e-05,0.00031289061374999806,0.0003455868551339271,0.000280194372366069,1.0633589712413904e-06,4.47773905677349e-19,0.20521510440808832,3.0,350
-5.5459447410714114e-05,0.0003095796019640514,0.00036503904937476545,0.0002541201545533373,1.0126742119068235e-06,4.5043356151966575e-19,0.1886148383333257,3.0,350
-0.00011174664776828997,0.00033027342562499983,0.0004420200733932898,0.00021852677785670984,9.390798596114357e-07,5.057852794245932e-19,0.15686341125727132,3.0,350
-0.00022018228375000166,0.00039152714366099306,0.0006117094274109948,0.0001713448599109914,8.315449600294917e-07,6.198014329531475e-19,0.13150373185914566,4.0,350
-0.00016223957750000032,0.0003344121903571432,0.0004966517678571435,0.0001721726128571429,8.335511027756235e-07,5.044357787166995e-19,0.1484404903429617,3.0,350
-4.428478263392911e-05,0.00020983537191916039,0.00025412015455308955,0.00016555058928523127,8.173641035814401e-07,2.5309078809609364e-19,0.42033154943580553,2.0,350
-0.00010678013008928646,0.0002259765543671169,0.00033275668445640336,0.00011919642427783044,6.935564403871552e-07,2.8120967854840385e-19,0.24482723951394325,2.0,350
-9.394995941964373e-05,0.0002665364487595469,0.0003604864081791906,0.00017258648933990314,8.345523657455802e-07,3.665761062635643e-19,0.2879880937245294,2.0,350
-9.312220647149961e-05,0.00026198380754505695,0.0003551060140165566,0.00016886160107355732,8.254972800624722e-07,3.571867504760381e-19,0.2293843443733441,2.0,350
-6.208147099330967e-05,0.00019700520124999967,0.0002590866722433093,0.00013492373025669,7.378946560198608e-07,2.329491363189332e-19,0.453954148222419,1.0,350
-0.00012747395374999976,0.0002226655425888581,0.00035013949633885783,9.519158883885835e-05,6.197970189892039e-07,2.644309299927093e-19,0.3495519508824061,2.0,350
0.0003464146080803572,-0.00011091889481637217,0.00045733350289672934,0.00023549571326398502,9.748587593734255e-07,5.432458065431897e-19,0.39067363120207466,3.0,350
0.00019410806593750027,-9.188057704789124e-05,0.00028598864298539153,0.00010222748888960904,6.422942612853809e-07,2.238228880999574e-19,0.39699258714789987,1.0,350
0.00025743116633928563,-1.158854124999198e-06,0.00025859002046428484,0.0002562723122142864,1.016953367895394e-06,3.2043095641543463e-19,2.7277794923508125e-05,2.0,350
0.0002342540838392843,-9.188057705356972e-05,0.00032613466089285407,0.00014237350678571458,7.579922868538174e-07,3.0121972668825306e-19,0.11993434246867762,2.0,350
0.0003128906137499994,-0.00017506974816964145,0.00048796036191964097,0.00013782086558035796,7.457747614324866e-07,4.4341858649146905e-19,0.23239886862893133,3.0,350
0.00029592167834821613,-4.92513003124999e-05,0.0003451729786607159,0.0002466703780357162,9.977200388685766e-07,4.1963060181322215e-19,0.38087179086134304,3.0,350
0.0002748139782129255,-6.91173710267855e-05,0.000343931349239711,0.00020569660718613997,9.110952017723621e-07,3.8181869548343885e-19,0.38312485265865437,2.0,350
0.00019452194241071554,-8.194754168709753e-05,0.00027646948409781305,0.00011257440072361801,6.740157067598352e-07,2.270590862772976e-19,0.41719134743852226,1.0,350
0.0002313569485267869,-4.22154002678576e-05,0.0002735723487946445,0.0001891415482589293,8.736624399134762e-07,2.912309526714144e-19,0.18227936613751416,2.0,350
0.00022018228374999982,-0.00011133277129502773,0.0003315150550450275,0.00010884951245497208,6.627709115287673e-07,2.6772465135779434e-19,0.3289941590934826,2.0,350
0.00029592167834821407,-4.842354736607152e-05,0.0003443452257142856,0.0002474981309821425,9.993926637458532e-07,4.193260949030992e-19,0.3827723735041113,3.0,350
0.0003294456726783213,-6.29092239330294e-05,0.00039235489661135073,0.0002665364487452919,1.0371187806996648e-06,4.958259382558858e-19,0.09470209297713339,3.0,350
0.00030916572549107257,-7.242838281249913e-05,0.0003815941083035717,0.00023673734267857344,9.774253072692501e-07,4.544717648456904e-19,0.16341035562942574,3.0,350
-0.00030295757839285723,0.0005052603984978239,0.0008082179768906812,0.0002023028201049667,9.035478643070915e-07,8.898183065036359e-19,0.4461909653362479,6.0,350
-0.00015363094685714275,0.00027398622526785595,0.00042761717212499864,0.00012035527841071321,6.96919740414268e-07,3.631278597421503e-19,0.26646583177014627,2.0,350
-0.00017175873638415536,0.00032323752558035683,0.0004949962619645122,0.00015147878919620147,7.81854801871397e-07,4.715738276040572e-19,0.05666767573108178,3.0,350
-0.0004971484196252457,0.000610467797991569,0.0011076162176168146,0.00011331937836632337,6.762422282529616e-07,9.126689164009978e-19,0.30356867630490125,6.0,350
0.0004122209673214293,-7.615327106558017e-05,0.0004883742383870095,0.00033606769625584915,1.164564587306882e-06,6.93007593406722e-19,0.3254131829182709,4.0,350
0.00048257996776789123,-0.00023922060151785685,0.0007218005692857481,0.00024335936625003438,9.91001308981747e-07,8.715917583962332e-19,0.44004786925530226,5.0,350
0.00031040735491011726,-0.0001618257010250055,0.0004722330559351228,0.00014858165388511175,7.743419527915994e-07,4.455647652975356e-19,0.21900347413545118,3.0,350
0.0002213411378757949,-5.0079053247418295e-05,0.0002714201911232132,0.00017126208462837661,8.313440795242822e-07,2.749442406822149e-19,0.28393302681123167,2.0,350
-0.00014195963031249915,0.0002955078018733279,0.0004374674321858271,0.00015354817156082876,7.871772241219583e-07,4.1960428394149513e-19,0.3810360540965476,3.0,350
-7.077287692316479e-05,0.0002943489477500003,0.0003651218246731651,0.0002235760708268355,9.498671207537639e-07,4.22593015350008e-19,0.36238185988918836,3.0,350
-0.00017879463642648028,0.0004387090616071424,0.0006175036980336227,0.00025991442518066214,1.0241542863232954e-06,7.705957622478625e-19,0.19031955718895777,5.0,350
-5.835658272321407e-05,0.000195349695359764,0.00025370627808297806,0.00013699311263654993,7.435318247466819e-07,2.29854199462647e-19,0.43463707174902555,1.0,350
-8.815568879464316e-05,0.00017051710696373758,0.00025867279575838073,8.236141816909442e-05,5.765169804229043e-07,1.8171238429100613e-19,0.13415949549421624,1.0,350
0.0004743024383038178,-0.00022432104848360126,0.000698623486787419,0.0002499813898202165,1.00439382590273e-06,8.550054498523634e-19,0.3365242739669325,5.0,350
0.0002885546771230333,-6.721353924579879e-05,0.0003557682163688321,0.00022134113787723454,9.451076193014377e-07,4.0970388057656623e-19,0.44282951153957306,3.0,350
0.00029550780187500187,-7.38355628190881e-05,0.00036934336469409,0.00022167223905591375,9.458142419194782e-07,4.2565507634290647e-19,0.3432699784154605,3.0,350
0.0002512230192413228,-6.257812274999861e-05,0.0003138011419913214,0.00018864489649132417,8.725146455407549e-07,3.336175678033114e-19,0.08227707684389696,2.0,350
0.00033399831388524566,-9.560546531245938e-05,0.000429603779197705,0.0002383928485727863,9.80836924301952e-07,5.134362958556781e-19,0.20461729974073561,3.0,350
0.00045112535580312224,-0.00023590958973267144,0.0006870349455357936,0.0002152157660704508,9.319384642609868e-07,7.801672782813776e-19,0.1305788530094265,5.0,350
-2.9799106071429296e-05,0.0003273762903124997,0.000357175396383929,0.0002975771842410704,1.0958472201412132e-06,4.769284305395007e-19,0.023246872919377104,3.0,350
-0.00010462797242857091,0.00024451822037499646,0.0003491461928035674,0.00013989024794642553,7.513528104442578e-07,3.196486632337902e-19,0.004909967787045888,2.0,350
0.0004734746853571436,-0.000287230272410714,0.0007607049577678576,0.00018624441294642956,8.669455505126169e-07,7.031334974364761e-19,0.38861410480709946,4.0,400
0.0005413504269668451,-0.00017879463642857173,0.0007201450633954169,0.0003625557905382734,1.2095884136548437e-06,9.287254050909046e-19,0.20335195644287118,6.0,400
0.00028019437236607216,-6.994512397321384e-05,0.00035013949633928593,0.00021024924839285834,9.211225645039395e-07,3.4386521359969354e-19,0.146237851073876,2.0,400
0.0002851608900446431,-7.367001223542074e-05,0.00035883090228006385,0.00021149087780922233,9.238384108753938e-07,3.534398969640914e-19,0.20599832417785358,2.0,400
0.00022018228374999982,-2.8557476651785077e-05,0.0002487397604017849,0.00019162480709821475,8.793789399814787e-07,2.332120528726282e-19,0.4555951442781321,1.0,400
0.00023988280387334505,-0.00010346911830357151,0.0003433519221769166,0.00013641368556977353,7.41957734727177e-07,2.716116346432649e-19,0.3047335176449406,2.0,400
0.0002818498782587904,-0.00012416294196466204,0.0004060128202234524,0.00015768693629412834,7.97715540858178e-07,3.453166504209736e-19,0.15529700716490202,2.0,400
0.00027398622526979055,-4.09737708471274e-05,0.000314959996116918,0.00023301245442266315,9.697052848940733e-07,3.2563035191814155e-19,0.03242479641693219,2.0,400
0.0003555198904910727,-0.00011340215366071249,0.0004689220441517852,0.0002421177368303602,9.884700115935328e-07,4.94189902289686e-19,0.08449075964795272,3.0,400
0.00029012740772321575,-0.00010553850067097144,0.00039566590839418725,0.0001845889070522443,8.630838584807448e-07,3.6409217562777296e-19,0.27248461812090685,2.0,400
-0.00024004835446412356,0.0006439917923214293,0.0008840401467855528,0.00040394343785730573,1.2767635450210551e-06,1.203406025156479e-18,0.4889303737250783,8.0,400
-4.6768041473215226e-05,0.00023301245441964354,0.00027978049589285877,0.00018624441294642831,8.66945550512614e-07,2.586062264782692e-19,0.38590689072382767,2.0,400
0.0005123790738392858,-0.00023259857794485464,0.0007449776517841405,0.0002797804958944312,1.0625733346604113e-06,8.439794603075787e-19,0.2677054601682496,5.0,400
0.00045195310875000005,-0.00015603143040067433,0.0006079845391506742,0.0002959216783493257,1.0927947149933787e-06,7.083711105332861e-19,0.42130471447935314,4.0,400
-0.000402701808437205,0.0006257812274965916,0.0010284830359337965,0.00022307941905938663,9.488115170344512e-07,1.0404154673933243e-18,0.4937625809447699,6.0,400
0.00029385229598214335,-1.696893540178752e-05,0.00031082123138393087,0.00027688336058035584,1.0570575292589536e-06,3.5029909899093526e-19,0.18639500512735152,2.0,400
0.00021811290138392834,-4.635416499495863e-05,0.000264467066378887,0.0001717587363889697,8.325486356749604e-07,2.347528810257999e-19,0.46521223717833804,1.0,400
-2.3177082499999892e-05,0.00025494790750000206,0.00027812499000000193,0.00023177082500000216,9.67118249727315e-07,2.867802974959169e-19,0.21005817080267764,2.0,400
-7.573939459806841e-05,0.00023011531910714216,0.00030585471370521053,0.00015437592450907373,7.892961437716574e-07,2.5738597513820865e-19,0.3935231005359383,2.0,400
0.0003273762903137443,-0.00010098585946428634,0.00042836214977803064,0.00022639043084945792,9.558268548389442e-07,4.365359725311445e-19,0.27535676611830695,3.0,400
0.00014734002446428686,-0.00018376115410400593,0.00033110117856829273,3.642112963971907e-05,3.833777472792769e-07,1.3533724996181664e-19,0.15529132625075692,1.0,400
-0.00021728514842473732,5.910156037499924e-05,0.0002763867087997365,0.00015818358804973808,7.989707981589234e-07,2.354386616841675e-19,0.46949254338062896,1.0,400
0.00021687127196810748,-2.4418711919642276e-05,0.00024128998388774976,0.0001924525600484652,8.812761998871294e-07,2.2671541792004197e-19,0.4150463382681062,1.0,400
0.0005411848763750008,-0.0003801041530005623,0.0009212890293755631,0.0001610807233744385,8.062541830724895e-07,7.9194970281827055e-19,0.0570387433432602,5.0,400
-0.00014278738326029239,0.0003650390493749992,0.0005078264326352916,0.00022225166611470682,9.470495628398478e-07,5.127642399202147e-19,0.2004226565209959,3.0,400
-0.00015065103624999966,0.00023408853325208656,0.0003847395695020862,8.34374970020869e-05,5.802709498436431e-07,2.380276469258756e-19,0.485651718260395,1.0,400
-0.0001340959773141095,0.00030957960196600546,0.00044367557928011485,0.00017548362465189595,8.415278501222899e-07,3.980739314814726e-19,0.48458205564788326,2.0,400
0.0002553617839737329,-8.56724299552662e-05,0.0003410342139289991,0.0001696893540184667,8.275180842577014e-07,3.008882056704962e-19,0.12200353390938168,2.0,400
-9.436383589285765e-05,0.0003062685901785716,0.0004006324260714292,0.00021190475428571395,9.247419205467882e-07,3.9499933290881814e-19,0.4653919207563364,2.0,400
-0.00010595237714285779,0.00028516089004464314,0.00039111326718750097,0.00017920851290178537,8.504122613450712e-07,3.5461882058232336e-19,0.21335658663914447,2.0,400
0.00033482606683035774,-0.0001825195246875001,0.0005173455915178579,0.00015230654214285765,7.839881067971677e-07,4.324341133299914e-19,0.30095855754446443,3.0,400
0.00027357234879464294,-6.746186513392783e-05,0.0003410342139285708,0.00020611048366071512,9.120113359452703e-07,3.3161022054222987e-19,0.0697482006982626,2.0,400
0.00028557476651785844,-8.318917112028491e-05,0.0003687639376381433,0.00020238559539757352,9.0373269561558e-07,3.553187764835173e-19,0.21772536774816897,2.0,400
0.00028838912653571393,-0.0001237490654910714,0.00041213819202678536,0.00016464006104464254,8.151132531111239e-07,3.5817109587921715e-19,0.23552814513969,2.0,400
0.0003036197807500019,-9.684709473214315e-05,0.0004004668754821451,0.00020677268601785876,9.134752395133551e-07,3.900255867904052e-19,0.4343482392241982,2.0,400
-6.2081470599452875e-06,0.00027779388882142794,0.0002840020358813733,0.00027158574176148266,1.0468963319388736e-06,3.169967802509022e-19,0.021461719489149544,2.0,400
-0.0001129882771874992,0.00019824683066964148,0.0003112351078571407,8.525855348214228e-05,5.865690923327784e-07,1.9464241085210716e-19,0.21486237360834703,1.0,400
0.0002607421781246354,-0.0001001581065191533,0.0003609002846437887,0.0001605840716054821,8.050102828436262e-07,3.0975503331537394e-19,0.06666114870219753,2.0,400
0.0002305291955803569,-3.352399433000846e-05,0.00026405318991036536,0.00019700520125034846,8.91638969882811e-07,2.510210717303433e-19,0.43324970291419596,2.0,400
0.00020776598955224044,-1.2002417723214515e-05,0.00021976840727545497,0.00019576357182902592,8.888247420179138e-07,2.0826251842877287e-19,0.29987239864323767,1.0,400
0.00037869697299002355,-0.00010222748888392874,0.00048092446187395226,0.00027646948410609484,1.0562672057601031e-06,5.416021549456392e-19,0.38041476484071124,3.0,400
0.0002769661358750005,-0.0001084356359821434,0.00038540177185714396,0.0001685304998928571,8.246875718878623e-07,3.388698078110676e-19,0.1150589805135529,2.0,400
-4.42847826339287e-05,0.00020263392128571405,0.00024691870391964273,0.00015834913865178535,7.993887792807903e-07,2.1044652373818071e-19,0.31350388760057735,1.0,400
0.0003476562375000013,-0.0001883137953124997,0.0005359700328125009,0.00015934244218750157,8.018920905626846e-07,4.582327842478728e-19,0.1399359189014806,3.0,400
0.0005550911258762096,-0.0001858305364732142,0.0007409216623494238,0.00036926058940299543,1.2207217273377772e-06,9.643144766969196e-19,0.018777556937705775,6.0,400
0.0004080822025884554,-0.000172172612860853,0.0005802548154493083,0.00023590958972760238,9.757150254469433e-07,6.036309035268792e-19,0.23243223801203383,4.0,400
0.00026115605459940065,-8.856956526644232e-05,0.000349725619865843,0.00017258648933295834,8.345523657287892e-07,3.111793439217152e-19,0.05777130112786799,2.0,400
0.00022349329553524074,-7.739490049107157e-05,0.0003008881960263123,0.00014609839504416917,7.678438634768396e-07,2.46324600966968e-19,0.46256276780174277,2.0,400
7.449776518568153e-05,-6.332310040178587e-05,0.00013782086558746743,1.1174664783895655e-05,2.123574234207733e-07,3.1204134423726214e-20,0.19476088816638062,0.0,400
0.00026736420169642825,-5.173455915178602e-05,0.0003190987608482142,0.00021562964254464223,9.328341285392776e-07,3.173651712642914e-19,0.019162403636131087,2.0,400
0.0002727445958482137,-6.001208861607199e-05,0.0003327566844642857,0.00021273250723214171,9.26546296741661e-07,3.2871811104760985e-19,0.051697073043257546,2.0,400
0.00023963447799107033,-5.545944741071578e-05,0.00029509392540178614,0.00018417503058035454,8.621157327069214e-07,2.712411391959346e-19,0.307045968341499,2.0,400
-3.931826495535837e-05,0.0002930245430349722,0.0003323428079903306,0.00025370627807961383,1.0118492225942004e-06,3.585352057604509e-19,0.2378007402675113,2.0,400
-6.911737102177054e-05,0.00028433313709821413,0.00035345050811998467,0.0002152157660764436,9.31938464273962e-07,3.5119277029851596e-19,0.19197286270320157,2.0,400
-0.0001812778952691464,0.0003244791550000015,0.0005057570502691478,0.00014320125973085512,7.601925593649343e-07,4.0991638649529905e-19,0.44150315391942563,3.0,400
-0.00030477863487500013,0.000477613450085083,0.0007823920849600833,0.0001728348152100829,8.351525472827099e-07,6.96658560379612e-19,0.3482007264101199,4.0,400
0.00024791200745535614,-6.911737102419361e-05,0.00031702937847954976,0.00017879463643116251,8.49429693419021e-07,2.8711551903561336e-19,0.20796588252070736,2.0,400
0.0002437732427249555,-5.2562312092517204e-05,0.0002963355548174727,0.0001912109306324383,8.784287733893973e-07,2.775364535692681e-19,0.26775370655375497,2.0,400
0.00019617744830357112,-6.373697687500004e-05,0.00025991442517857115,0.0001324404714285711,7.310726791915773e-07,2.0259123749950142e-19,0.26447504725937376,1.0,400
-0.0005032737914285727,0.0006953124750020164,0.0011985862664305891,0.00019203868357344368,8.803280810502654e-07,9.999793914644318e-19,0.24138044609900255,6.0,450
-0.00014609839504442975,0.00034558685513484135,0.0004916852501792711,0.0001994884600904116,8.972409452227418e-07,4.1809354425059243e-19,0.39046534958646495,3.0,450
-0.0001249906949107149,0.00030006044307461524,0.0004250511379853301,0.00017506974816390035,8.405348965255573e-07,3.385900014018065e-19,0.11331256627105768,2.0,450
-4.221540026785799e-05,0.00029666665597269707,0.00033888205624055506,0.0002544512557048391,1.013333719713065e-06,3.254454958276708e-19,0.03127101545078981,2.0,450
-3.2282364909239104e-05,0.0002734895735,0.00030577193840923913,0.0002412072085907609,9.866095992831307e-07,2.8590395309919184e-19,0.21552788230718978,2.0,450
-0.0004585751323214286,0.0006435779158463753,0.0011021530481678038,0.00018500278352494672,8.640508995206869e-07,9.02523315048971e-19,0.3668925392094371,6.0,450
-9.726097120535728e-05,0.0004076683261152308,0.0005049292973205882,0.00031040735490987353,1.1192218930664768e-06,5.355795232149371e-19,0.3428244542413985,3.0,450
-3.26962413839307e-05,0.0004670182123750017,0.0004997144537589323,0.00043432197099107096,1.3239027827506976e-06,6.269821884145903e-19,0.08668498148506698,4.0,450
-0.0001332682243757595,0.00038407736714198893,0.0005173455915177484,0.00025080914276622945,1.006055355285669e-06,4.93264461825212e-19,0.07871461459106532,3.0,450
-0.00012457681843750022,0.00026305988637477686,0.000387636704812277,0.00013848306793727664,7.475642655317866e-07,2.7463167372349344e-19,0.2858839163204683,2.0,450
-2.8143600178571174e-05,0.0003120628608032343,0.0003402064609818055,0.0002839192606246631,1.0704037525482012e-06,3.45117814322354e-19,0.15405596985103687,2.0,450
-7.987815933035793e-05,0.00026943358406781746,0.00034931174339817536,0.00018955542473745953,8.746177845959827e-07,2.8954007833938526e-19,0.19283297362464658,2.0,450
-6.415085335498414e-05,0.00026777807816823906,0.0003319289315232232,0.00020362722481325493,9.065006429629859e-07,2.851611921047132e-19,0.2201638317943837,2.0,450
-5.918433566964318e-05,0.00026074217812456323,0.0003199265137942064,0.00020155784245492006,9.018826779302892e-07,2.734497158697463e-19,0.29326111699026103,2.0,450
-3.393787080357026e-05,0.0002665364487499998,0.0003004743195535701,0.00023259857794642952,9.688437073877022e-07,2.758914745891228e-19,0.2780208577856291,2.0,450
-0.00012457681844949613,0.0002483258839285713,0.0003729027023780674,0.0001237490654790752,7.066773295685277e-07,2.49743323614213e-19,0.44122477937589855,2.0,450
-0.00012002417723078013,0.00024667037803690283,0.00036669455526768294,0.0001266462008061227,7.14901615291753e-07,2.4844367060596065e-19,0.44933657542055583,2.0,450
0.0002636393134379136,-8.318917111504129e-05,0.00034682848455295487,0.00018045014232287231,8.533531770817732e-07,2.804921847630705e-19,0.24930548348597048,2.0,450
0.0004322525886250013,-0.00025660341339486066,0.000688856002019862,0.00017564917523014062,8.419247036194579e-07,5.496407159730083e-19,0.4305875164386421,3.0,450
-0.0002640531899087378,0.0004751301912500001,0.0007391833811587377,0.00021107700134126228,9.229340167289387e-07,6.465469160700981e-19,0.03542844371613807,4.0,450
0.0002926106665625012,-8.650018290178371e-05,0.000379110849464285,0.0002061104836607175,9.120113359452756e-07,3.276752556814285e-19,0.045188081811886605,2.0,450
-0.0001792085128993951,0.00039897692017856984,0.0005781854330779649,0.00021976840727917473,9.417439213092447e-07,5.160326354552092e-19,0.2208223769115909,3.0,450
-2.9799106063063447e-05,0.00029012740772321196,0.00031992651378627546,0.0002603283016601485,1.0249693714517783e-06,3.107694495640343e-19,0.0603296604809036,2.0,450
-6.24953474553571e-05,0.00024294548977678553,0.0003054408372321426,0.00018045014232142843,8.533531770783592e-07,2.4702056366907596e-19,0.45821891028104966,2.0,450
-9.56054652999888e-05,0.0002466703780357134,0.00034227584333570223,0.0001510649127357246,7.807859636713509e-07,2.5327098751970735e-19,0.419206833098108,2.0,450
-8.89834417410715e-05,0.0002340885332469034,0.0003230719749879749,0.0001451050915058319,7.65229177568068e-07,2.3429768889133927e-19,0.4623711513404787,1.0,450
-0.00011919642428440268,0.00025080914276785624,0.00037000556705225895,0.00013161271848345356,7.287844961828665e-07,2.5555511666291963e-19,0.40495042032350814,2.0,450
-6.663411218749906e-05,0.00025370627808035575,0.0003203403902678548,0.00018707216589285668,8.68869960317852e-07,2.6378110305552186e-19,0.3536078516076906,2.0,450
-0.00023177082499999964,0.00037662759062499784,0.0006083984156249975,0.0001448567656249982,7.645741089634497e-07,4.408439234051611e-19,0.24846865164580167,3.0,450
-0.0002694335840626445,0.0005558361035294902,0.0008252696875921347,0.0002864025194668457,1.0750746274786427e-06,8.408367852870172e-19,0.2480904255093339,5.0,450
-5.8770459196429106e-05,0.0002727445958502704,0.00033151505504669946,0.0002139741366538413,9.29246291678195e-07,2.9195188898467365e-19,0.17777963559619803,2.0,450
-0.00026074217812500027,0.0003716610729464279,0.000632403251071428,0.00011091889482142762,6.690413530889112e-07,4.009814234171293e-19,0.49727080705179416,3.0,450
-3.476562375000011e-05,0.00023384020736607117,0.00026860583111607125,0.00019907458361607106,8.96309714097248e-07,2.2816589918490916e-19,0.42409953024511005,1.0,450
-0.00011050501835061076,0.00030088819602695527,0.000411393214377566,0.00019038317767634453,8.765253501697881e-07,3.4174235049134415e-19,0.13298798171927517,2.0,450
-0.0003137183666948644,0.0005392810445982135,0.0008529994112930781,0.00022556267790334913,9.540778563846201e-07,7.712758709451642e-19,0.18607465258312939,5.0,450
0.0006754464042857146,-0.0004486420969642872,0.0011240885012500019,0.0002268043073214274,9.567001550229039e-07,1.0191862286047904e-18,0.36126009440224127,6.0,450
0.00035345050812500144,-5.752882977292708e-05,0.0004109793378979285,0.00029592167835207437,1.0927947149984539e-06,4.2563346963618735e-19,0.343404836871517,3.0,450
-1.6085213108192379e-18,8.236141816964284e-05,8.236141816964445e-05,8.236141816964123e-05,5.76516980424818e-07,4.5000062456667167e-20,0.2808682981745892,0.0,450
-0.0003190987608482138,0.0005839797037047698,0.0009030784645529834,0.000264880942856556,1.0338928979920195e-06,8.848674813219003e-19,0.4770915856341196,6.0,450
-0.00011009114187500145,0.00027191684290178556,0.00038200798477678704,0.0001618257010267841,8.081164433881799e-07,2.9256581652010924e-19,0.1739478013127156,2.0,450
-0.00034103421392857043,0.0005843935801785713,0.0009254277941071416,0.00024335936625000088,9.910013089816788e-07,8.691484583598526e-19,0.4247979899066028,5.0,450
0.0003066824666517857,-5.7942706249504125e-05,0.0003646251729012898,0.00024873976040228155,1.0018963653665609e-06,3.462156108803373e-19,0.16090787702960174,2.0,450
0.00029716330776785653,-0.00010967726540178662,0.00040684057316964315,0.0001874860423660699,8.698305686381141e-07,3.3537919716102646e-19,0.09327230246591212,2.0,450
0.0003993907966521322,-7.698102401421438e-05,0.0004763718206663466,0.0003224097726379178,1.1406549616694541e-06,5.149648120768675e-19,0.21415754760575023,3.0,450
-0.0001854166599999991,0.00013119884201071724,0.0003166155020107163,5.421781798928187e-05,4.6775798815264493e-07,1.4035587141480236e-19,0.12396755491066302,1.0,450
0.0003219958961607142,-8.029203580357165e-05,0.00040228793196428583,0.00024170386035714256,9.876248040754857e-07,3.7653572749509646e-19,0.35015116001932967,2.0,450
0.00030709634312500034,-0.00011754091839007363,0.000424637261515074,0.0001895554247349267,8.746177845901394e-07,3.5197644593335856e-19,0.19686418128950578,2.0,450
-5.4631694464285665e-05,0.0003460007316088882,0.00040063242607317397,0.0002913690371446026,1.084356019478759e-06,4.11713576935307e-19,0.43028597347958186,3.0,450
-0.00011919642428571351,0.0003257207844196427,0.0004449172087053561,0.00020652436013392916,9.129265507625677e-07,3.8493928826934375e-19,0.4026020608495764,2.0,450
-0.00010719400656148275,0.0003112351078579936,0.0004184291144194764,0.00020404110129651086,9.074214158412803e-07,3.5983890552798647e-19,0.24593779419695672,2.0,450
-4.67680414726314e-05,0.00032199589616189274,0.0003687639376345241,0.0002752278546892613,1.0538926792571918e-06,3.683172239378998e-19,0.29885529548859857,2.0,450
0.0004490559734374979,-0.00024915363687493767,0.0006982096103124357,0.00019990233656256022,8.981712108359198e-07,5.943224694863354e-19,0.29053091354510796,4.0,450
0.00048340772071428793,-0.00024501487214285636,0.0007284225928571442,0.00023839284857143158,9.808369242991652e-07,6.771071681551272e-19,0.2261705344226561,4.0,450
-8.070591227630301e-05,0.00027978049589285725,0.00036048640816916023,0.00019907458361655424,8.963097140983357e-07,3.062134024499709e-19,0.08876626988700109,2.0,450
0.0002872302724111479,-6.580635923799395e-05,0.0003530366316491419,0.00022142391317315395,9.452843244789875e-07,3.1627103812630516e-19,0.025991445545540337,2.0,450
0.0004693359206250005,-0.0002781249899996919,0.0007474609106246924,0.00019121093062530857,8.784287733730202e-07,6.222605029711214e-19,0.11615542402722712,4.0,450
0.00033937870803598974,-0.00011547153602678651,0.00045485024406277625,0.00022390717200920324,9.505702053294204e-07,4.0976025076721964e-19,0.4424776764830809,3.0,450
0.000280608248838908,-8.194754169642947e-05,0.00036255579053533747,0.0001986607071424785,8.953775144535406e-07,3.076509261224697e-19,0.07979395284034752,2.0,450
9.684709473214225e-05,-0.00010346911830357193,0.0002003162130357142,6.622023571429685e-06,1.6347282071654025e-07,3.1034078540445675e-20,0.1936994828277197,0.0,450
0.000286402519464286,-5.8356582723215454e-05,0.00034475910218750145,0.00022804593674107052,9.593152856097626e-07,3.134399163603078e-19,0.04366191773891637,2.0,450
0.00034310359629428834,-0.00011133277128942188,0.0004544363675837103,0.00023177082500486646,9.671182497374638e-07,4.165142416004703e-19,0.40032258140852184,3.0,450
0.0002694335840626877,-2.069382366071111e-06,0.0002715029664287588,0.0002673642016966166,1.0387279652001505e-06,2.672720841914304e-19,0.33181886116914616,2.0,450
0.00026918525817857115,-2.56603413392857e-05,0.0002948455995178568,0.00024352491683928546,9.913383269506035e-07,2.770089140589252e-19,0.27104634919469683,2.0,450
0.00028433313709821473,-6.083984156249814e-05,0.00034517297866071283,0.0002234932955357166,9.496912682889917e-07,2.7960114265175535e-19,0.25486693090947066,2.0,500
0.0004118070908482157,-0.00016017019513392682,0.0005719772859821425,0.0002516368957142889,1.0077141451297994e-06,4.916271334159624e-19,0.06849521446686158,3.0,500
0.000278124989999999,-0.0002123186307584515,0.0004904436207584504,6.580635924154752e-05,5.153284592738245e-07,2.1557228437449037e-19,0.3454963691256179,1.0,500
0.00028888577830357313,-0.00012457681843663538,0.0004134625967402085,0.00016430895986693775,8.142932194518419e-07,2.8716846911512727e-19,0.20763539411892773,2.0,500
-3.0212982544640868e-05,0.00026819195464318696,0.00029840493718782783,0.0002379789720985461,9.799851334971411e-07,2.4942799656918615e-19,0.4431928959888567,2.0,500
-7.946428285361372e-05,0.0004349841733475249,0.0005144484562011386,0.00035551989049391114,1.1977940378636022e-06,5.255859195112235e-19,0.2804492860381056,3.0,500
-4.7181917946428025e-05,0.00021687127196534653,0.00026405318991177455,0.0001696893540189185,8.275180842588031e-07,1.8637541283355556e-19,0.16326383045700799,1.0,500
-0.00023384020736240703,0.0004771995736160728,0.0007110397809784798,0.00024335936625366578,9.91001308989141e-07,6.010184911982119e-19,0.2487376332676443,4.0,500
-7.656714754993333e-05,0.00031951263732018083,0.0003960797848701142,0.0002429454897702475,9.901582621896605e-07,3.3450837824152367e-19,0.08783707827762344,2.0,500
-0.00010760788303571488,0.00030130207250000094,0.0004089099555357158,0.00019369418946428606,8.841144558572531e-07,3.083584702502953e-19,0.07537780974594255,2.0,500
-8.194754169486276e-05,0.0005314173916071435,0.0006133649333020063,0.0004494698499122807,1.346791844088162e-06,7.045943034347202e-19,0.3977317387011663,4.0,500
-0.00012995721258841477,0.0003559337669642852,0.00048589097955269996,0.00022597655437587045,9.549527560226415e-07,3.9576777529285705e-19,0.4701881608695153,2.0,500
0.00030006044308035837,-4.138764732142255e-06,0.00030419920781250067,0.00029592167834821613,1.09279471499133e-06,2.8354132947144564e-19,0.23027421911930301,2.0,500
0.0003241480538214291,-5.5873323883928864e-05,0.000380021377705358,0.00026827472993750024,1.0404951937015985e-06,3.3726231222118137e-19,0.10502578220212255,2.0,500
0.00045542967112500196,-0.00024004835446428524,0.0006954780255892872,0.00021538131666071672,9.322968332301187e-07,5.530409987513891e-19,0.45181041225563856,3.0,500
-0.00013078496553607172,0.00040725444964285606,0.0005380394151789278,0.00027646948410678434,1.0562672057614203e-06,4.847385896263059e-19,0.025500305893900066,3.0,500
-0.00017755300700892838,0.00028888577830597984,0.00046643878531490816,0.00011133277129705147,6.70288402366719e-07,2.666711706533896e-19,0.3355694684697941,2.0,500
-0.0001378208655803568,0.0003207542667422142,0.00045857513232257105,0.00018293340116185743,8.592048102761791e-07,3.36067802682131e-19,0.09757024007460968,2.0,500
-4.387090616071395e-05,0.0002872302724119077,0.0003311011785726216,0.00024335936625119372,9.910013089841077e-07,2.7986891324815887e-19,0.2531956383021443,2.0,500
-0.00011298827718749851,0.000579840938973523,0.0006928292161610215,0.00046685266178602455,1.3725877383500823e-06,8.111216898774829e-19,0.06262338786225818,5.0,500
0.0005314173916071438,-0.0002830915076785713,0.0008145088992857152,0.0002483258839285725,1.0010624939224149e-06,6.95467325348167e-19,0.34076562215154027,4.0,500
0.00031123510785843007,-0.00012581844785417102,0.00043705355571260106,0.00018541666000425905,8.650168594782883e-07,3.224622920204367e-19,0.01265132181697215,2.0,500
0.00030544083723214177,-2.6488094286302508e-05,0.0003319289315184443,0.00027895274294583924,1.0610003162739815e-06,3.0038644276852184e-19,0.12513529161528236,2.0,500
0.0006986234867857125,-0.0002868163959375,0.0009854398827232123,0.00041180709084821256,1.2891311584128187e-06,1.083544986814237e-18,0.23704413221247211,7.0,500
0.00035345050812469537,-3.517950022321442e-05,0.00038863000834790976,0.00031827100790148097,1.1333100368470135e-06,3.7566849374054705e-19,0.3447383126706307,2.0,500
-4.387090616071457e-05,0.00028971353125175616,0.00033358443741247077,0.0002458426250910416,9.960446052149797e-07,2.8340289066383077e-19,0.2311382861932887,2.0,500
0.00041429034968750036,-0.0001560314304017857,0.000570321780089286,0.00025825891928571464,1.0208874381672488e-06,4.966123593533239e-19,0.09961054739314035,3.0,500
0.00028805802535714347,-7.53255181250011e-05,0.00036338354348214454,0.00021273250723214236,9.265462967416625e-07,2.8717860845751574e-19,0.20757210932140113,2.0,500
0.0002873958230000005,-7.035900044701404e-05,0.00035775482344701446,0.00021703682255298643,9.358729753694096e-07,2.855762662162275e-19,0.21757314296079344,2.0,500
-9.643321825823549e-05,0.0003029575783930629,0.0003993907966512984,0.00020652436013482743,9.129265507645532e-07,3.1099513661604187e-19,0.058921032697810016,2.0,500
-0.00017713913053413102,0.0002897135312499999,0.00046685266178413094,0.0001125744007158689,6.740157067366372e-07,2.6839199779015833e-19,0.32482891028007366,2.0,500
-0.000532245144553571,0.000747874787098214,0.0012801199316517852,0.00021562964254464299,9.328341285392792e-07,1.0185322694894472e-18,0.35717840264949974,6.0,500
-0.00039897692017857087,0.0005049292973214279,0.0009039062174999986,0.00010595237714285702,6.538912828661056e-07,5.041370642900395e-19,0.1465760615382905,3.0,500
-0.0001059523771428566,0.0003087518490178571,0.00041470422616071364,0.00020279947187500053,9.046562857440203e-07,3.199939540904245e-19,0.002754831772034727,2.0,500
-0.00015644530687499962,0.0003410342139285699,0.0004974795208035695,0.00018458890705357026,8.630838584838447e-07,3.662249331419934e-19,0.2857962434995378,2.0,500
-0.00019700520125000133,0.0003940104024999998,0.0005910156037500011,0.00019700520124999845,8.916389698820189e-07,4.494772293806724e-19,0.1945837940570514,3.0,500
0.0004155319791071411,-0.00014402901268073502,0.0005595609917878762,0.0002715029664264061,1.0467367804873314e-06,4.995795157079071e-19,0.11813008070561537,3.0,500
0.0002975771842410702,-8.981119468676267e-05,0.0003873883789278328,0.00020776598955430753,9.156667066536263e-07,3.0255457102216746e-19,0.11160289944555846,2.0,500
-0.0001688616010710134,0.000371661072946261,0.0005405226740172744,0.00020279947187524757,9.046562857445713e-07,4.1707794814560783e-19,0.39680420189171306,3.0,500
-0.00010967726540178581,0.00032365140205387944,0.00043332866745566514,0.00021397413665209363,9.292462916744e-07,3.4345351434160225e-19,0.14366822641855048,2.0,500
8.567242995653923e-05,-0.00010636625362172329,0.0001920386835782625,2.0693823665184058e-05,2.889818502020809e-07,4.733463080991928e-20,0.29543952773636123,0.0,500
0.00031578774906427647,-3.18684884399445e-05,0.00034765623750422094,0.000283919260624332,1.070403752547577e-06,3.1740762485519946e-19,0.01889742916323489,2.0,500
0.00041718748500000176,-5.339006503435708e-05,0.00047057755003435873,0.0003637974199656447,1.2116578564359333e-06,4.863298354816586e-19,0.03543208133978215,3.0,500
-0.00012085193017679694,0.00030792409607173455,0.0004287760262485315,0.0001870721658949376,8.688699603226845e-07,3.1776421251872863e-19,0.016671784025476866,2.0,500
-0.0002847470135714278,0.0005353906057499981,0.000820137619321426,0.0002506435921785703,1.0057232690097769e-06,7.03533753074533e-19,0.3911123040041353,4.0,500
-0.0002537062780803572,0.000444999983999999,0.0006987062620803561,0.0001912937059196418,8.786188888973945e-07,5.236183741714302e-19,0.26816883394537294,3.0,500
-4.097377083775806e-05,0.000468922044151786,0.0005098958149895441,0.0004279482733140279,1.3141527084859509e-06,5.715404712540119e-19,0.4327249622465037,4.0,500
-4.3457029690457355e-05,0.0002847470135714292,0.0003282040432618866,0.00024128998388097187,9.8677887260452e-07,2.7623803502401403e-19,0.2758577976864063,2.0,500
-5.132068267857019e-05,0.00025147134512499913,0.00030279202780356937,0.00020015066244642894,8.987289080089495e-07,2.3210946698512754e-19,0.44871334445592437,1.0,500
0.00028143600178823897,-3.476562372983466e-05,0.00031620162551807365,0.0002466703780584043,9.977200389144604e-07,2.6908686552459317e-19,0.3204918870100486,2.0,500
0.0002864025194649647,-4.751301908901068e-05,0.0003339155385539754,0.00023888950037595402,9.818580979194939e-07,2.7964371442905626e-19,0.2546012187751312,2.0,500
0.00026537759463197904,-3.724888141820514e-06,0.0002691024827737996,0.0002616527064901585,1.0275732993338554e-06,2.3585778855807564e-19,0.472108527567477,1.0,500
0.00034765623749999846,-0.0001618257010267858,0.0005094819385267842,0.00018583053647321267,8.659817419316936e-07,3.763199434526878e-19,0.3488043419605118,2.0,500
0.000465197155893627,-0.000306268590179894,0.0007714657460735209,0.00015892856571373299,8.008499951365375e-07,5.26971989613919e-19,0.2891004551619183,3.0,500
0.000308751849014705,-0.0001026413653571424,0.00041139321437184745,0.0002061104836575626,9.120113359382956e-07,3.200199604018741e-19,0.002592513143128805,2.0,500
8.277529463360519e-05,-0.00015396204803571337,0.00023673734266931853,7.118675340210819e-05,5.359814861562592e-07,1.0822716034787453e-19,0.324499196585621,1.0,500
0.00025494790749999924,-3.4765623754032844e-05,0.0002897135312540321,0.0002201822837459664,9.426302687117351e-07,2.329323818207584e-19,0.45384957487002264,1.0,500
-4.3870906160716984e-05,0.000257265615752136,0.00030113652191285297,0.00021339470959141899,9.279872716398655e-07,2.383554881883602e-19,0.4876979424751755,1.0,500
-0.0003001432183749997,0.0004948307113743211,0.0007949739297493209,0.0001946874929993214,8.863785170681763e-07,6.010240005801238e-19,0.2487032464104466,4.0,500
-4.262927674084301e-05,0.00028019437236607184,0.0003228236491069149,0.00023756509562522884,9.791326016839754e-07,2.696041421003728e-19,0.3172633005683141,2.0,500
-0.00010893228775000019,0.000337226550375001,0.0004461588381250011,0.0002282942626250008,9.598374567192538e-07,3.6526402541214164e-19,0.27979872918394877,2.0,500
-5.752882977678569e-05,0.0003033714548633679,0.00036090028464015367,0.00024584262508658224,9.96044605205946e-07,3.066095789745244e-19,0.08629353051391186,2.0,500
-0.0004200846203123378,0.0008372721053125,0.0012573567256248376,0.00041718748500016217,1.2975252892027824e-06,1.3915347203844823e-18,0.3147234152930327,9.0,500
-8.774181231539165e-05,0.00025378905337500063,0.00034153086569039235,0.00016604724105960896,8.185892315949931e-07,2.3846008413209523e-19,0.4883507790071493,1.0,500
-0.00013326822437500265,0.00024335936624999717,0.00037662759062499985,0.00011009114187499451,6.665402551638541e-07,2.1412048676538588e-19,0.33643496117411176,1.0,500
0.0003286179197321424,-0.0001527204186160727,0.00048133833834821516,0.0001758975011160697,8.425196334148679e-07,3.4589970459753642e-19,0.1589361450988207,2.0,500
0.00028681639593975056,-2.483258858106429e-06,0.000289299654797857,0.0002843331370816441,1.0711836460655682e-06,2.643209312027944e-19,0.3502385093278395,2.0,500
-0.00030999347843750115,0.0001171270419210062,0.0004271205203585074,0.00019286643651649497,8.822232997723088e-07,3.2140206813572225e-19,0.006033924819566661,2.0,500
0.0003046130842857133,-0.00020569660718660964,0.0005103096914723229,9.891647709910366e-05,6.318071197005378e-07,2.750033842854982e-19,0.2835638814746426,2.0,500
0.0003625557905350697,-0.00011919642428571487,0.0004817522148207846,0.00024335936624935486,9.910013089803636e-07,4.072092687725211e-19,0.45839965375177805,3.0,500
-5.628720035714242e-05,0.0004718191794649792,0.0005281063798221215,0.00041553197910783676,1.294948275161852e-06,5.833021029308606e-19,0.35931463140498776,4.0,500
-0.00015230654214070914,0.000305026960758928,0.00045733350289963717,0.00015272041861821885,7.850525853741485e-07,3.0623263583132044e-19,0.08864622456277527,2.0,500
-0.00013616535968555488,0.000524960918624998,0.0006611262783105529,0.0003887955589394431,1.2525954880889872e-06,7.063419002408147e-19,0.40863938002490396,4.0,500
-0.00013326822437979317,0.0003302734256249978,0.00046354165000479097,0.00019700520124520465,8.916389698711706e-07,3.525311602979204e-19,0.20032643602965194,2.0,500
-5.330728974999941e-05,0.0002557756604464285,0.00030908295019642785,0.00020246837069642907,9.039174891440676e-07,2.3829972700846566e-19,0.48734990856486093,1.0,500
-0.0001367447867500008,0.00025618953692038764,0.00039293432367038845,0.00011944475017038685,6.942785191506774e-07,2.326876867573656e-19,0.452322308411381,1.0,500
-0.0001506510362483343,0.00030833797254523667,0.000458989008793571,0.00015768693629690238,7.977155408651948e-07,3.12298605764819e-19,0.05078541817743787,2.0,500
-0.0001576869362946407,0.0003128906137499999,0.0004705775500446406,0.0001552036774553592,7.914093902408276e-07,3.176523772932115e-19,0.017369804600386285,2.0,500
-0.00012333518901785678,0.0003062685901785712,0.00042960377919642806,0.00018293340116071443,8.592048102734948e-07,3.1483608229430744e-19,0.03494773539240459,2.0,500
-0.0001684477245982138,0.00043125928509065835,0.000599707009688872,0.00026281156049244456,1.029846334922559e-06,5.267824035163257e-19,0.2879171518133985,3.0,500
-0.00014237350678308812,0.0003393787080406717,0.0004817522148237599,0.00019700520125758358,8.916389698991839e-07,3.66380598747693e-19,0.28676783179009346,2.0,500
-0.0001307849655357127,0.0003360676962407674,0.0004668526617764802,0.00020528273070505472,9.101781454563135e-07,3.624315106582657e-19,0.2621195626440884,2.0,500
-0.00026901970758928416,0.0004867187325000009,0.0007557384400892852,0.00021769902491071674,9.372996118320246e-07,6.041846073080213e-19,0.22897629083747217,4.0,500
-0.000197005201249842,0.0005433370340363814,0.0007403422352862234,0.00034633183278653945,1.1822148243082352e-06,7.465323522115619e-19,0.340511549292998,5.0,500
-0.00017424199521977213,0.0003257207844215679,0.0004999627796413399,0.00015147878920179577,7.818548018858344e-07,3.334137363110047e-19,0.08100486073500379,2.0,500
-0.00017614582700000128,0.00032944567267772167,0.0005055914996777229,0.0001532998456777204,7.865404351099335e-07,3.3918803537840794e-19,0.1170452007628513,2.0,500
-0.00014253905737157262,0.00033027342562500064,0.00047281248299657326,0.00018773436825342802,8.704064247625262e-07,3.510190841356589e-19,0.19088879894162103,2.0,500
-0.0001225074360714284,0.00032447915500000027,0.0004469865910714287,0.00020197171892857187,9.028081606559829e-07,3.4419905834516513e-19,0.14832154608219783,2.0,500
-5.8356582722112955e-05,0.0002868163959375007,0.0003451729786596136,0.00022845981321538772,9.601854130341467e-07,2.826907518321468e-19,0.23558310717352016,2.0,500
-0.00034393134924107075,0.0006278506098660718,0.0009717819591071426,0.00028391926062500106,1.0704037525488382e-06,8.872298847045688e-19,0.46234662348365685,6.0,500
-1.5313429516813e-05,0.000331928931517758,0.000347242361034571,0.000316615502000945,1.130358703602063e-06,3.3478708022544993e-19,0.08957659923936934,2.0,500
-6.539248276785515e-05,0.00025378905337500063,0.0003191815361428558,0.00018839657060714548,8.71940181758681e-07,2.37380018284138e-19,0.4816095382161092,1.0,500
-0.0001667922187053568,0.0003120628608035704,0.0004788550795089272,0.0001452706420982136,7.656655786254343e-07,3.1272523572485056e-19,0.04812260341046404,2.0,500
-0.0001216796831249994,0.00031785713142955165,0.00043953681455455117,0.00019617744830455224,8.897638069887451e-07,3.335720845593635e-19,0.08199319276406047,2.0,500
-5.504557093749973e-05,0.0003319289315212051,0.00038697450245870485,0.0002768833605837054,1.0570575292653475e-06,3.4889976837426006e-19,0.17766107038520262,2.0,500
0.00032447915499999946,-0.0001647228363392858,0.0004892019913392852,0.00015975631866071367,8.029328334932801e-07,3.350326559926354e-19,0.09110936261872515,2.0,500
0.00032572078441964354,-4.3043153214285505e-05,0.0003687639376339291,0.00028267763120535806,1.0680606550598815e-06,3.359418173120098e-19,0.09678390124374925,2.0,500
0.000273572348794166,-4.1718748500000264e-05,0.00031529109729416625,0.00023185360029416574,9.672909339969045e-07,2.6012885656169033e-19,0.3764033812411076,2.0,500
0.00040104630254360595,-0.00012085193017166923,0.0005218982327152752,0.0002801943723719367,1.0633589712525244e-06,4.733533251970343e-19,0.045560925356533666,3.0,500
0.0003004743195532468,-6.622023571428461e-05,0.00036669455526753143,0.00023425408383896218,9.722854365471554e-07,3.041010704255193e-19,0.10195040938588962,2.0,500
-0.00013616535968749905,0.0003004743195535714,0.00043663967924107046,0.00016430895986607234,8.142932194496975e-07,3.032660009172102e-19,0.10716250329980626,2.0,500
-0.0002027994718750013,0.00034393134923793,0.0005467308211129314,0.0001411318773629287,7.546798502235933e-07,3.5192978036484446e-19,0.19657291772016006,2.0,500
-2.4418711912465328e-05,0.00029385229598214335,0.0003182710078946087,0.000269433584069678,1.0427400618993552e-06,2.830693485634881e-19,0.2332200922392922,2.0,500
-0.0002971633077680144,0.0005322451445535714,0.0008294084523215858,0.00023508183678555696,9.740017405074234e-07,6.890454930728829e-19,0.3006836977306895,4.0,500
-8.277529464379824e-05,0.0002706752134834955,0.0003534505081272937,0.00018789991883969725,8.707901172691016e-07,2.6251964511573488e-19,0.3614812527859217,2.0,500
-0.0003557682163749984,0.0006014452908750004,0.0009572135072499988,0.00024567707450000206,9.957091801791133e-07,8.129447601784559e-19,0.07400209768916177,5.0,500
-0.0001552864527499976,0.00041602863087500185,0.0005713150836249995,0.0002607421781250042,1.0257838088871776e-06,4.998632824176913e-19,0.11990121319976366,3.0,500
-0.00031454611964237307,0.0005591471153110069,0.0008736932349533799,0.00024460099566863384,9.935261571710208e-07,7.403856369704669e-19,0.37887632824841866,5.0,500
-4.1801523791062303e-05,0.0002801943723633281,0.00032199589615439044,0.0002383928485722658,9.808369243008812e-07,2.6938093132598716e-19,0.31865647264215946,2.0,500
-0.00010429687124999991,0.000302957578392856,0.0004072544496428559,0.00019866070714285607,8.953775144543916e-07,2.8274767556517273e-19,0.23522781717728658,2.0,550
-0.00020900761897321352,0.0006559942100448213,0.000865001829018035,0.0004469865910716078,1.3430662716818603e-06,9.008271980662416e-19,0.37747886874849,6.0,550
-0.00036793618468749926,0.0004867187325000006,0.0008546549171875,0.00011878254781250136,6.923513023312362e-07,4.588221023809862e-19,0.1362576844259098,3.0,550
-0.00014237350678571338,0.00035096724928580304,0.0004933407560715164,0.00020859374250008965,9.174889307563425e-07,3.50973922841742e-19,0.1906069243158246,2.0,550
0.0004010463025442526,-0.00011547153602766284,0.0005165178385719154,0.0002855747665165898,1.073519927269061e-06,4.2995445861030953e-19,0.31643534497888837,3.0,550
-0.00010429687125000116,0.0003633835434825685,0.00046768041473256973,0.00025908667223256736,1.0225221668983647e-06,3.708078642741244e-19,0.31440064974836224,2.0,550
-5.794270623366348e-05,0.0005597265423737724,0.000617669248607436,0.0005017838361401089,1.423011890305166e-06,6.81540283248393e-19,0.25383986250540325,4.0,550
-2.549479075000024e-05,0.0003940104024999999,0.00041950519325000007,0.00036851561174999965,1.2194897118218868e-06,3.966820087196431e-19,0.475894357098976,2.0,550
-0.00012209355959821375,0.0003025437019196413,0.000424637261517855,0.00018045014232142753,8.53353177078357e-07,2.809790447056212e-19,0.24626674273654903,2.0,550
-0.00016430895986616618,0.0004784412030376029,0.0006427501629037691,0.0003141322431714367,1.125917198412482e-06,5.611457395053216e-19,0.4976037747825397,4.0,550
-0.00020197171892857163,0.00036090028464509953,0.0005628720035736712,0.0001589285657165279,8.008499951435794e-07,3.4953272819066685e-19,0.18161169482307438,2.0,550
-9.394995942091459e-05,0.00028764414888517447,0.000381594108306089,0.00019369418946425988,8.841144558571933e-07,2.615996591577362e-19,0.3672233534911469,2.0,550
-0.00015023715977766715,0.0004246372615178571,0.0005748744212955242,0.0002744001017401899,1.0523066848557552e-06,4.690750528273035e-19,0.07226380117522302,3.0,550
-9.436383589285753e-05,0.0003898716377678571,0.0004842354736607146,0.0002955078018749996,1.0920302554958857e-06,4.1003251199694307e-19,0.4407783555471383,3.0,550
0.0003319289315178588,-4.8423547366071245e-05,0.00038035247888393,0.0002835053841517875,1.0696232903579062e-06,3.1545987241975974e-19,0.031054343663835082,2.0,550
-0.00036090028464285826,0.0003302734256249997,0.000691173710267858,3.062685901785854e-05,3.5156159403113435e-07,1.8841507920063457e-19,0.17599442659600406,1.0,550
-0.00023177082500144795,0.0004693359206287662,0.0007011067456302142,0.00023756509562731823,9.79132601688281e-07,5.322953574868986e-19,0.3223263040478135,3.0,550
-0.00016513671281249894,0.00036255579053571445,0.0005276925033482133,0.0001974190777232155,8.92575074045227e-07,3.6521844286929797e-19,0.27951422532915293,2.0,550
-7.739490048795133e-05,0.00028226375473214363,0.000359658655220095,0.0002048688542441923,9.092601642662988e-07,2.535745725827122e-19,0.41731200417249226,2.0,550
0.00031827100790178623,-7.491164165178478e-05,0.00039318264955357104,0.00024335936625000145,9.9100130898168e-07,3.02131213163797e-19,0.11424529136032202,2.0,550
-9.933035356973209e-05,0.0003004743195535721,0.00039980467312330413,0.00020114396598384,9.009562445339722e-07,2.7930492085073933e-19,0.25671580196856536,2.0,550
0.00023177082500000216,-4.138764732143456e-06,0.00023590958973214557,0.0002276320602678587,9.584443682394857e-07,1.7532325564156944e-19,0.09428169105085993,1.0,550
0.000261569931070811,-0.00016886160107124404,0.00043043153214205514,9.270832999956697e-05,6.11659287169335e-07,2.0414590590253676e-19,0.27417852420469613,1.0,550
0.00034310359629644753,-0.00014775390094026774,0.0004908574972367154,0.0001953496953561798,8.878846838582887e-07,3.3793954465021453e-19,0.10925273455345197,2.0,550
-0.0001837611541071428,0.00041387647321428474,0.0005976376273214275,0.00023011531910714194,9.63658066005447e-07,4.465683248207323e-19,0.21273974826465736,3.0,550
-9.601934178425398e-05,0.00030047431955428425,0.00039649366133853817,0.00020445497777003027,9.083412553237844e-07,2.7926229949232576e-19,0.25698182356386945,2.0,550
-0.00013823474205131736,0.00033648157272072086,0.0004747163147720382,0.0001982468306694035,8.944443432628991e-07,3.2924144631043615e-19,0.054963474835173276,2.0,550
-8.60863064285704e-05,0.0004449172087065673,0.0005310035151351376,0.00035883090227799687,1.2033587323369243e-06,4.954724729580217e-19,0.09249593611300755,3.0,550
-0.00012747395374999984,0.00034020646098216565,0.00046768041473216554,0.0002127325072321658,9.265462967417136e-07,3.360031347660229e-19,0.09716661468939458,2.0,550
-0.00018251952468779852,0.0005678385212500013,0.0007503580459377999,0.0003853189965622027,1.2469826346575612e-06,7.25530995629478e-19,0.4715917069760609,5.0,550
-0.00014253905737500138,0.00031992651379465493,0.00046246557116965623,0.00017738745641965355,8.460804272585452e-07,3.03401746611111e-19,0.10631524531950554,2.0,550
-0.00013790364087500024,0.0003397925845094729,0.00047769622538447313,0.00020188894363447265,9.02623140025958e-07,3.343376566332524e-19,0.08677151781039161,2.0,550
0.00035551989049052376,-0.0001572730598214294,0.0005127929503119531,0.00019824683066909437,8.944443432622018e-07,3.556496529921159e-19,0.21979053647911284,2.0,550
0.0004122209673232429,-1.9038317767857027e-05,0.00043125928509109995,0.0003931826495553859,1.2596426814151477e-06,4.2122374771639167e-19,0.37092815624977016,3.0,550
0.0002917829136160709,-5.3803941517422667e-05,0.0003455868551334936,0.00023797897209864823,9.799851334973514e-07,2.6260544336757553e-19,0.3609457422184854,2.0,550
-0.0002748139782123015,0.0005098958150000015,0.0007847097932123029,0.0002350818367877,9.740017405118631e-07,5.926466407496789e-19,0.30099061381219094,4.0,550
-4.221540026813022e-05,0.00030792409606882466,0.0003501394963369549,0.00026570869580069443,1.0355070955325325e-06,2.8113906961985094e-19,0.2452679457822442,2.0,550
-7.822265343747515e-05,0.00040559894374999895,0.00048382159718747406,0.0003273762903125238,1.149406918327841e-06,4.3120727479667355e-19,0.30861588138306617,3.0,550
-8.981119468749963e-05,0.0004478143440182397,0.0005376255387057393,0.0003580031493307401,1.2019699739590254e-06,5.010724569528824e-19,0.12744828703376543,3.0,550
-0.0004730608088831177,0.0006514415688390151,0.0011245023777221325,0.00017838075995589737,8.484459875908967e-07,7.397953542383846e-19,0.38256058327720766,5.0,550
0.00038780225540385445,-0.00010098585946428565,0.0004887881148681399,0.0002868163959395688,1.0758511350744229e-06,4.077555125911349e-19,0.4549902680010316,3.0,550
-0.00011174664776785589,0.0005203255021250001,0.000632072149892856,0.0004085788543571442,1.2840683408889078e-06,6.293348979184598e-19,0.07200052376709509,4.0,550
-0.00018376115410714215,0.0002615699310687965,0.0004453310851759386,7.780877696165437e-05,5.603565976834199e-07,1.9349712747327204e-19,0.20771407700651845,1.0,550
-0.00015876301512499896,0.0002503952662938107,0.0004091582814188096,9.163225116881176e-05,6.080991178031977e-07,1.9292687983298556e-19,0.20415487118498055,1.0,550
-0.0003998046731237259,0.0005910156037500074,0.0009908202768737335,0.00019121093062628153,8.784287733752551e-07,6.748829556548007e-19,0.21228809191833964,4.0,550
-8.443080053571452e-05,0.00044574496165129644,0.000530175762187011,0.0003613141611155819,1.2075154242708654e-06,4.964089211977317e-19,0.09834078629892007,3.0,550
-0.00010181361241071635,0.00034434522571419535,0.00044615883812491175,0.000242531613303479,9.893144970199806e-07,3.1373454002581334e-19,0.041823021457112475,2.0,600
-0.0002039583259999993,0.00035262275517919,0.0005565810811791892,0.00014866442917919068,7.745576168947953e-07,3.064224846413954e-19,0.0874612814919169,2.0,600
-7.573939459821398e-05,0.00029343841950892844,0.0003691778141071425,0.00021769902491071446,9.372996118320197e-07,2.4595320815934287e-19,0.46488081938072456,2.0,600
-0.0003033714548660713,0.0004949962619654187,0.0007983677168314899,0.00019162480709934742,8.793789399840776e-07,4.990194675466103e-19,0.11463453502474641,3.0,600
-8.111978874791795e-05,0.0002706752134810066,0.0003517950022289245,0.00018955542473308865,8.74617784585899e-07,2.18698815088544e-19,0.365010638948964,1.0,600
-0.00020817986602765783,0.0004345702968749999,0.0006427501629026578,0.00022639043084734208,9.558268548344778e-07,4.366765638239286e-19,0.27447926428860514,3.0,600
-0.00012457681843621807,0.000320754266742322,0.0004453310851785401,0.00019617744830610393,8.89763806992264e-07,2.8164121389396526e-19,0.24213380773867121,2.0,600
-5.065848032142804e-05,0.00033110117857142895,0.00038175965889285707,0.0002804426982500009,1.0638300747000432e-06,2.886694058048156e-19,0.19826728415004702,2.0,600
-0.00029261066655947846,0.0005185872209375008,0.0008111978874969794,0.0002259765543780223,9.549527560271884e-07,5.506138838559029e-19,0.4366615526107025,3.0,600
-0.0004635416499999993,0.0006949813738214294,0.0011585230238214286,0.00023143972382143015,9.664272040872876e-07,7.958152848205151e-19,0.03291167819817886,5.0,600
5.297618857142871e-05,-0.0001008203088743943,0.00015379649744582305,4.7844120302965585e-05,4.3940448164431296e-07,4.803407011594128e-20,0.29980508451193205,0.0,600
-0.00016919270224422572,0.0003091657254977061,0.00047835842774193184,0.00013997302325348038,7.515750713345184e-07,2.555431577670601e-19,0.405025061880536,2.0,600
-0.0002114908778122425,0.00037828309651785733,0.0005897739743300998,0.00016679221870561484,8.204234933314447e-07,3.439237383086829e-19,0.1466031335761131,2.0,600
-0.00038780225540031453,0.0005934988625922903,0.0009813011179926048,0.00020569660719197574,9.110952017852863e-07,6.354838436686218e-19,0.033621823069092116,4.0,600
-0.00012416294196428487,0.00047844120303799323,0.000602604145002278,0.00035427826107370836,1.195700600717271e-06,5.121451008522139e-19,0.19655829440971528,3.0,600
-0.0004486420969642854,0.0007954705815168247,0.0012441126784811102,0.00034682848455253924,1.1830621889994339e-06,1.0461784043238511e-18,0.4702679959078022,7.0,600
-3.476562374999958e-05,0.00027067521348074253,0.0003054408372307422,0.00023590958973074294,9.75715025453438e-07,2.1183053105161593e-19,0.32214218180650334,1.0,600
0.0005615475988573475,-0.000336067696249999,0.0008976152951073465,0.0002254799026073485,9.53902780161102e-07,6.086012210333867e-19,0.20140995619221647,4.0,600
0.0003728199270714286,-0.00016927547754444367,0.0005420954046158722,0.00020354444952698495,9.063163761552491e-07,3.4921590358189704e-19,0.17963423115242527,2.0,600
0.0006514415688392864,-0.00041884299089148106,0.0010702845597307675,0.00023259857794780537,9.688437073905677e-07,7.370406542238306e-19,0.39975406841546324,5.0,600
-0.00015520367745512794,0.00030212982544642816,0.00045733350290155615,0.00014692614799130023,7.700159862437932e-07,2.503059768370995e-19,0.4377129741794781,2.0,600
-0.00016637834222638426,0.000586049086068824,0.0007524274282952084,0.0004196707438424397,1.3013812421040267e-06,6.959974071459012e-19,0.34407413250230423,4.0,600
-0.00018657551412500187,0.0003720749494214513,0.0005586504635464532,0.00018549943529644943,8.652099220482255e-07,3.4355803905429427e-19,0.14432061836132304,2.0,600
-0.00015437592450716242,0.0003700055670535714,0.0005243814915607339,0.00021562964254640896,9.328341285430991e-07,3.4768843233216633e-19,0.170100505486253,2.0,600
0.0003070963431250018,-0.00011340215366071323,0.00042049849678571494,0.00019369418946428856,8.841144558572587e-07,2.6424781188790597e-19,0.3506948841952342,2.0,600
0.0004016257296071423,-0.0001667922187042048,0.0005684179483113471,0.0002348335109029375,9.734871670443504e-07,3.9331134533215834e-19,0.454856330979037,2.0,600
0.00034186196687481225,-0.0001605840716071428,0.000502446038481955,0.00018127789526766947,8.553081697365575e-07,3.05457299080017e-19,0.09348549593179878,2.0,600
-0.00010305524183035687,0.00037331657883961974,0.0004763718206699767,0.0002702613370092629,1.044340584795679e-06,3.536117435178642e-19,0.20707090600264122,2.0,600
0.0004925130031245717,-0.00023177082499966406,0.0007242838281242357,0.0002607421781249076,1.0257838088869876e-06,5.280840965359531e-19,0.29604168060756475,3.0,600
0.00034144809040218514,-8.153366522321442e-05,0.0004229817556253996,0.00025991442517897073,1.024154286319963e-06,3.0791119767242805e-19,0.07816946559945848,2.0,600
0.00029881881365977585,-0.00016472283633928644,0.0004635416499990623,0.0001340959773204894,7.356276932217932e-07,2.4237358859964203e-19,0.48722304734571464,2.0,600
0.00033565381977730815,-6.208147097900625e-05,0.0003977352907563144,0.0002735723487983019,1.0507182965102046e-06,2.9704269926945625e-19,0.1460052970073693,2.0,600
0.00035386438459821527,-0.00016513671281198159,0.0005190010974101969,0.00018872767178623368,8.727060494365202e-07,3.219398394579367e-19,0.009390429407153178,2.0,600
0.0003724888258913592,-0.00023177082500000067,0.0006042596508913598,0.0001407180008913585,7.535724690735301e-07,3.2365854662994747e-19,0.020117755817599114,2.0,600
0.0003373093256696433,-0.0001483333279991768,0.00048564265366882,0.00018897599767046653,8.732800094133978e-07,3.0144549840884846e-19,0.11852518622582475,2.0,600
0.00039069939071428573,-0.00015975631865964142,0.0005504557093739272,0.00023094307205464432,9.653897081338804e-07,3.777143683005147e-19,0.35750765730187695,2.0,600
0.00032737629031312455,-0.00014278738325813767,0.00047016367357126225,0.00018458890705498688,8.630838584871565e-07,2.8843006381777264e-19,0.19976113933407502,2.0,600
0.0003410342139294416,-8.153366522221123e-05,0.00042256787915165284,0.00025950054870723033,1.02333855199486e-06,3.0736490477350583e-19,0.08157915768539503,2.0,600
0.0004345702968736641,-0.0001986607071428576,0.0006332310040165218,0.00023590958973080653,9.757150254535694e-07,4.391608570593751e-19,0.2589735255159442,3.0,600
0.00024335936625000093,-3.1454611960818744e-05,0.0002748139782108197,0.00021190475428918218,9.247419205543558e-07,1.8063330375364549e-19,0.1274244045282058,1.0,600
0.00028739582299872513,-2.897135312498781e-06,0.0002902929583112239,0.0002844986876862263,1.071495444571688e-06,2.2108806096672463e-19,0.3799231387787463,1.0,600
0.00033838540449999683,-0.00010057198299095522,0.0004389573874909521,0.00023781342150904161,9.796442098010385e-07,3.0565337734651084e-19,0.0922616716521727,2.0,600
-0.0001667922187019946,0.00037290270236816004,0.0005396949210701546,0.00020611048366616543,9.120113359573287e-07,3.498541485370267e-19,0.183617842831596,2.0,600
-0.00024708425450892967,0.0004722330559590294,0.0007193173104679591,0.00022514880145009975,9.53202153758308e-07,4.873533854882435e-19,0.04182057799404593,3.0,600
0.0003277901667859518,-0.0001941080659375002,0.000521898232723452,0.00013368210084845162,7.344915880015242e-07,2.724652452859636e-19,0.2994056990724807,2.0,600
-0.0002143880131250017,0.000347656237500837,0.0005620442506258387,0.0001332682243758353,7.333537227374321e-07,2.929695413135739e-19,0.17142794935072092,2.0,600
-0.0003509672492857148,0.0006112955509375013,0.000962262800223216,0.00026032830165178655,1.0249693714353168e-06,7.010403980372e-19,0.37555000591276855,4.0,600
-0.00023301245441964294,0.0004999627796428561,0.0007329752340624991,0.0002669503252232131,1.0379236848119027e-06,5.407458359729897e-19,0.37507004220228657,3.0,600
-0.00013906249500000007,0.00028847190182446563,0.0004275343968244657,0.00014940940682446556,7.764958983881913e-07,2.359655963944499e-19,0.47278141115650496,1.0,600
0.00041594585558035654,-0.0002301153191069398,0.0006460611746872962,0.00018583053647341674,8.659817419321691e-07,3.9766817745043644e-19,0.482049538181172,2.0,600
0.0009270832999970579,-0.0007201450633929007,0.0016472283633899585,0.0002069382366041572,9.138408489828805e-07,1.0699484145976407e-18,0.3219072610839193,7.0,600
0.0003671084317410729,-0.00018376115410565077,0.0005508695858467236,0.00018334727763542213,8.601762122947265e-07,3.3680201717117355e-19,0.10215284647056944,2.0,600
-5.58733238839292e-05,0.0003244791550000009,0.0003803524788839302,0.00026860583111607174,1.041137078521257e-06,2.8147033182518007e-19,0.24320036972165648,2.0,600
-3.807663553571367e-05,0.00032530690794753885,0.0003633835434832525,0.00028723027241182517,1.0766270826203576e-06,2.7807952725696147e-19,0.264364107203916,2.0,600
0.0003041992078125006,-3.559337669642785e-05,0.00033979258450892846,0.00026860583111607277,1.041137078521259e-06,2.5145499720181964e-19,0.4305413531463369,2.0,600
-3.269624137034876e-05,0.00031702937848214377,0.0003497256198524925,0.000284333137111795,1.0711836461223628e-06,2.662746624383208e-19,0.33804427809224435,2.0,600
-0.0001763113775892841,0.0004577473793750004,0.0006340587569642845,0.00028143600178571625,1.0657124060004446e-06,4.802949131079676e-19,0.0022349414192768258,3.0,600
-6.953124749999933e-05,0.00031520832200135584,0.0003847395695013552,0.0002456770745013565,9.95709180181858e-07,2.7229384622774653e-19,0.30047548784969647,2.0,600
-0.00019700520124999897,0.0005342317516252288,0.0007312369528752278,0.0003372265503752298,1.1665707293307805e-06,6.063280583812448e-19,0.21559792151328505,4.0,600
-0.0002027994718750003,0.0004995489031699703,0.0007023483750449705,0.00029674943129497,1.0943220319007664e-06,5.463062706258952e-19,0.4097755455463421,3.0,600
-8.815568879464284e-05,0.0003128906137500032,0.0004010463025446461,0.00022473492495536038,9.523256457998221e-07,2.7146788362361296e-19,0.30563074093856124,2.0,600
-0.00023177082500000173,0.0004122209673208994,0.0006439917923209012,0.00018045014232089768,8.533531770771042e-07,3.9061381815874234e-19,0.43801969064755664,2.0,600
-6.125371803225085e-05,0.0003389648315628217,0.0004002185495950726,0.0002777111135305709,1.0586364062167196e-06,3.0114974480714447e-19,0.12037113501466479,2.0,600
-0.0001916248070988036,0.00045774737937500016,0.0006493721864738038,0.0002661225722761965,1.0363132514360789e-06,4.783251268696681e-19,0.014529380100370748,3.0,600
-0.00032696241383820186,0.00044698659107142896,0.0007739490049096307,0.0001200241772332271,6.959604560805304e-07,3.828559234779153e-19,0.3895987205984639,2.0,600
-0.0003484839904471506,0.0005423437305000003,0.0008908277209471508,0.00019385974005284968,8.844922018484267e-07,5.600492137883667e-19,0.4955522500047067,3.0,600
0.0005951543684793262,-0.00030047431955357117,0.0008956286880328975,0.00029468004892575507,1.090499728802313e-06,6.942118434262045e-19,0.3329295203427902,4.0,600
0.0004027018084370745,-0.00024253161330260771,0.0006452334217396822,0.00016017019513446678,8.039722291834995e-07,3.6871971804608364e-19,0.3013674661172452,2.0,600
-0.00011422990660305148,0.00031620162553571454,0.00043043153213876605,0.00020197171893266306,9.028081606651267e-07,2.762091208944405e-19,0.27603826548851984,2.0,600
0.00038987163776785743,-0.00021190475428659673,0.0006017763920544542,0.0001779668834812607,8.474611399107267e-07,3.624878043632853e-19,0.262470920314803,2.0,600
0.0003228236491071429,-0.00010305524182996027,0.0004258788909371032,0.00021976840727718264,9.417439213049765e-07,2.8507386285757294e-19,0.22070889808287553,2.0,600
0.00035013949633947973,-0.00016017019513392774,0.0005103096914734075,0.000189969301205552,8.755720868697672e-07,3.1758807338456483e-19,0.01777115802972795,2.0,600
0.0002921967900892846,-3.393787080104685e-05,0.00032613466089033145,0.0002582589192882378,1.0208874381722359e-06,2.366536884187833e-19,0.47707614377044605,1.0,600
-0.00020859374249999977,0.0003509672492862025,0.0005595609917862023,0.00014237350678620274,7.57992286855117e-07,3.0147456571330664e-19,0.11834376238127908,2.0,600
-0.00011356770425000096,0.00032944567268641524,0.0004430133769364162,0.0002158779684364143,9.333711145712751e-07,2.9390681545777592e-19,0.16557794427442674,2.0,600
0.0003050269607588645,-0.00012664620080326603,0.0004316731615621305,0.0001783807599555985,8.484459875901859e-07,2.6032609799934905e-19,0.37517229701810106,2.0,600
0.00043746743218749947,-0.0001638950833924295,0.0006013625155799289,0.00027357234879507,1.0507182965039982e-06,4.491186701753382e-19,0.19682174459087598,3.0,600
