x-axis,1,2
second,Volt,Volt
+0.0E+00,+2.90342361E+00,-3.05190001E+00
+10.00E-06,+2.89543316E+00,-3.03779801E+00
+20.00E-06,+2.88599855E+00,-3.01478937E+00
+30.00E-06,+2.86760636E+00,-2.98048632E+00
+40.00E-06,+2.84023209E+00,-2.93620256E+00
+50.00E-06,+2.82170207E+00,-2.89106386E+00
+60.00E-06,+2.81378751E+00,-2.82483926E+00
+70.00E-06,+2.80739316E+00,-2.76823751E+00
+80.00E-06,+2.79716697E+00,-2.69091927E+00
+90.00E-06,+2.78222953E+00,-2.61810546E+00
+100.00E-06,+2.76253117E+00,-2.53248945E+00
+110.00E-06,+2.75276997E+00,-2.44919817E+00
+120.00E-06,+2.74416453E+00,-2.36082451E+00
+130.00E-06,+2.73926499E+00,-2.25892119E+00
+140.00E-06,+2.73656400E+00,-2.16973197E+00
+150.00E-06,+2.73420226E+00,-2.06826157E+00
+160.00E-06,+2.73354894E+00,-1.97341923E+00
+170.00E-06,+2.73158911E+00,-1.86995767E+00
+180.00E-06,+2.73021976E+00,-1.76909106E+00
+190.00E-06,+2.72975498E+00,-1.66733864E+00
+200.00E-06,+2.73043345E+00,-1.56329966E+00
+210.00E-06,+2.72985548E+00,-1.45549808E+00
+220.00E-06,+2.73005650E+00,-1.34981329E+00
+230.00E-06,+2.72890074E+00,-1.24483241E+00
+240.00E-06,+2.73010677E+00,-1.14239525E+00
+250.00E-06,+2.73099876E+00,-1.04012108E+00
+260.00E-06,+2.73256907E+00,-933.36864E-03
+270.00E-06,+2.73372486E+00,-833.95284E-03
+280.00E-06,+2.73397609E+00,-732.34495E-03
+290.00E-06,+2.73496855E+00,-629.75682E-03
+300.00E-06,+2.73677764E+00,-530.25970E-03
+310.00E-06,+2.73952893E+00,-437.60858E-03
+320.00E-06,+2.74156409E+00,-338.89004E-03
+330.00E-06,+2.74720482E+00,-243.29986E-03
+340.00E-06,+2.74925252E+00,-152.96685E-03
+350.00E-06,+2.75436548E+00,-65.40391E-03
+360.00E-06,+2.74637566E+00,+21.92636E-03
+370.00E-06,+2.75206657E+00,+113.72869E-03
+380.00E-06,+2.75534554E+00,+196.70670E-03
+390.00E-06,+2.76320987E+00,+278.13831E-03
+400.00E-06,+2.77025759E+00,+362.48501E-03
+410.00E-06,+2.77611188E+00,+440.95879E-03
+420.00E-06,+2.78303399E+00,+522.61066E-03
+430.00E-06,+2.78729272E+00,+599.43226E-03
+440.00E-06,+2.79187818E+00,+674.77186E-03
+450.00E-06,+2.79638823E+00,+745.46301E-03
+460.00E-06,+2.79969215E+00,+819.84715E-03
+470.00E-06,+2.80339819E+00,+886.41114E-03
+480.00E-06,+2.80687819E+00,+959.01766E-03
+490.00E-06,+2.80893843E+00,+1.01920668E+00
+500.00E-06,+2.80983042E+00,+1.08597757E+00
+510.00E-06,+2.81292084E+00,+1.15646147E+00
+520.00E-06,+2.81422736E+00,+1.21129166E+00
+530.00E-06,+2.81422736E+00,+1.27256687E+00
+540.00E-06,+2.81625004E+00,+1.32656807E+00
+550.00E-06,+2.81931531E+00,+1.38242872E+00
+560.00E-06,+2.82148871E+00,+1.43526135E+00
+570.00E-06,+2.82510680E+00,+1.48663062E+00
+580.00E-06,+2.82823498E+00,+1.53412428E+00
+590.00E-06,+2.83251888E+00,+1.58614121E+00
+600.00E-06,+2.83746856E+00,+1.63384177E+00
+610.00E-06,+2.84406404E+00,+1.68027389E+00
+620.00E-06,+2.84851131E+00,+1.72597073E+00
+630.00E-06,+2.85348615E+00,+1.76544327E+00
+640.00E-06,+2.85789577E+00,+1.80941950E+00
+650.00E-06,+2.86359925E+00,+1.85076978E+00
+660.00E-06,+2.86510675E+00,+1.89012286E+00
+670.00E-06,+2.86797115E+00,+1.92779234E+00
+680.00E-06,+2.87236808E+00,+1.96612784E+00
+690.00E-06,+2.87511937E+00,+2.00166833E+00
+700.00E-06,+2.87836050E+00,+2.03176891E+00
+710.00E-06,+2.87972994E+00,+2.06317585E+00
+720.00E-06,+2.88251887E+00,+2.09495324E+00
+730.00E-06,+2.88426504E+00,+2.12911763E+00
+740.00E-06,+2.88593593E+00,+2.16293687E+00
+750.00E-06,+2.88771987E+00,+2.19040584E+00
+760.00E-06,+2.88866203E+00,+2.21330104E+00
+770.00E-06,+2.88940327E+00,+2.24595818E+00
+780.00E-06,+2.88960424E+00,+2.26747228E+00
+790.00E-06,+2.89072226E+00,+2.29256612E+00
+800.00E-06,+2.89293344E+00,+2.32256623E+00
+810.00E-06,+2.89308418E+00,+2.33818826E+00
+820.00E-06,+2.89403890E+00,+2.36657999E+00
+830.00E-06,+2.89462937E+00,+2.37986524E+00
+840.00E-06,+2.89435302E+00,+2.40763523E+00
+850.00E-06,+2.89462937E+00,+2.42247205E+00
+860.00E-06,+2.89581025E+00,+2.44752212E+00
+870.00E-06,+2.89750629E+00,+2.46244697E+00
+880.00E-06,+2.89868717E+00,+2.48749080E+00
+890.00E-06,+2.89917707E+00,+2.50032375E+00
+900.00E-06,+2.89978010E+00,+2.52281745E+00
+910.00E-06,+2.89885049E+00,+2.53244037E+00
+920.00E-06,+2.89799618E+00,+2.54686278E+00
+930.00E-06,+2.89934042E+00,+2.56745302E+00
+940.00E-06,+2.89966704E+00,+2.57718927E+00
+950.00E-06,+2.90028263E+00,+2.59587023E+00
+960.00E-06,+2.90173994E+00,+2.60940028E+00
+970.00E-06,+2.90312179E+00,+2.61561880E+00
+980.00E-06,+2.90299624E+00,+2.62970826E+00
+990.00E-06,+2.90462935E+00,+2.64649823E+00
+1.00000E-03,+2.90499378E+00,+2.65318788E+00
+1.01000E-03,+2.90514438E+00,+2.66324462E+00
+1.02000E-03,+2.90687811E+00,+2.67956994E+00
+1.03000E-03,+2.90844846E+00,+2.68974572E+00
+1.04000E-03,+2.90804649E+00,+2.69399816E+00
+1.05000E-03,+2.90976758E+00,+2.70218295E+00
+1.06000E-03,+2.91037063E+00,+2.71565028E+00
+1.07000E-03,+2.91194090E+00,+2.72616536E+00
+1.08000E-03,+2.91266961E+00,+2.73119031E+00
+1.09000E-03,+2.91305907E+00,+2.73460746E+00
+1.10000E-03,+2.91466719E+00,+2.74134754E+00
+1.11000E-03,+2.91598615E+00,+2.75244675E+00
+1.12000E-03,+2.91611188E+00,+2.76288018E+00
+1.13000E-03,+2.91758161E+00,+2.76929339E+00
+1.14000E-03,+2.91756914E+00,+2.77242780E+00
+1.15000E-03,+2.91962939E+00,+2.77580093E+00
+1.16000E-03,+2.91961678E+00,+2.78147933E+00
+1.17000E-03,+2.92055905E+00,+2.78990281E+00
+1.18000E-03,+2.92313435E+00,+2.79829474E+00
+1.19000E-03,+2.92200366E+00,+2.80578835E+00
+1.20000E-03,+2.92333546E+00,+2.80975185E+00
+1.21000E-03,+2.92392589E+00,+2.81321302E+00
+1.22000E-03,+2.92476760E+00,+2.81577579E+00
+1.23000E-03,+2.92559680E+00,+2.81936876E+00
+1.24000E-03,+2.92593586E+00,+2.82442531E+00
+1.25000E-03,+2.92603644E+00,+2.83095175E+00
+1.26000E-03,+2.92671477E+00,+2.83803087E+00
+1.27000E-03,+2.92656406E+00,+2.84299307E+00
+1.28000E-03,+2.92856157E+00,+2.84668033E+00
+1.29000E-03,+2.92960426E+00,+2.85017903E+00
+1.30000E-03,+2.92854896E+00,+2.85186870E+00
+1.31000E-03,+2.92827264E+00,+2.85358354E+00
+1.32000E-03,+2.92913944E+00,+2.85434984E+00
+1.33000E-03,+2.92931534E+00,+2.85668657E+00
+1.34000E-03,+2.92976751E+00,+2.85927453E+00
+1.35000E-03,+2.93143847E+00,+2.86248434E+00
+1.36000E-03,+2.93128772E+00,+2.86588257E+00
+1.37000E-03,+2.93205403E+00,+2.86960125E+00
+1.38000E-03,+2.93320981E+00,+2.87419289E+00
+1.39000E-03,+2.93288324E+00,+2.87728330E+00
+1.40000E-03,+2.93300880E+00,+2.88079461E+00
+1.41000E-03,+2.93412694E+00,+2.88322549E+00
+1.42000E-03,+2.93352390E+00,+2.88543660E+00
+1.43000E-03,+2.93368722E+00,+2.88777328E+00
+1.44000E-03,+2.93328510E+00,+2.88906089E+00
+1.45000E-03,+2.93457909E+00,+2.89071921E+00
+1.46000E-03,+2.93500634E+00,+2.89166769E+00
+1.47000E-03,+2.93496863E+00,+2.89203829E+00
+1.48000E-03,+2.93544601E+00,+2.89254715E+00
+1.49000E-03,+2.93545851E+00,+2.89345160E+00
+1.50000E-03,+2.93608657E+00,+2.89439381E+00
+1.51000E-03,+2.93555897E+00,+2.89455085E+00
+1.52000E-03,+2.93641335E+00,+2.89486492E+00
+1.53000E-03,+2.93547112E+00,+2.89590141E+00
+1.54000E-03,+2.93726736E+00,+2.89674934E+00
+1.55000E-03,+2.93558429E+00,+2.89772302E+00
+1.56000E-03,+2.93733035E+00,+2.89880968E+00
+1.57000E-03,+2.93675246E+00,+2.90012878E+00
+1.58000E-03,+2.93739325E+00,+2.90094533E+00
+1.59000E-03,+2.93716703E+00,+2.90212627E+00
+1.60000E-03,+2.93828525E+00,+2.90328205E+00
+1.61000E-03,+2.93614958E+00,+2.90479583E+00
+1.62000E-03,+2.93734293E+00,+2.90592025E+00
+1.63000E-03,+2.93760680E+00,+2.90637869E+00
+1.64000E-03,+2.93764435E+00,+2.90934983E+00
+1.65000E-03,+2.93910175E+00,+2.90953199E+00
+1.66000E-03,+2.93853629E+00,+2.91039258E+00
+1.67000E-03,+2.93788311E+00,+2.91184361E+00
+1.68000E-03,+2.93848608E+00,+2.91266646E+00
+1.69000E-03,+2.93734293E+00,+2.91431847E+00
+1.70000E-03,+2.93765689E+00,+2.91493408E+00
+1.71000E-03,+2.93788309E+00,+2.91668028E+00
+1.72000E-03,+2.93775771E+00,+2.91705723E+00
+1.73000E-03,+2.93871223E+00,+2.91784856E+00
+1.74000E-03,+2.94038309E+00,+2.91857102E+00
+1.75000E-03,+2.93891333E+00,+2.92046163E+00
+1.76000E-03,+2.93901374E+00,+2.92083230E+00
+1.77000E-03,+2.93901376E+00,+2.92140386E+00
+1.78000E-03,+2.93954143E+00,+2.92242774E+00
+1.79000E-03,+2.93817206E+00,+2.92323174E+00
+1.80000E-03,+2.93935303E+00,+2.92328829E+00
+1.81000E-03,+2.93743103E+00,+2.92437495E+00
+1.82000E-03,+2.93828514E+00,+2.92464510E+00
+1.83000E-03,+2.93967966E+00,+2.92492139E+00
+1.84000E-03,+2.93761927E+00,+2.92581972E+00
+1.85000E-03,+2.93885063E+00,+2.92617774E+00
+1.86000E-03,+2.93779533E+00,+2.92654209E+00
+1.87000E-03,+2.93978005E+00,+2.92691267E+00
+1.88000E-03,+2.93970488E+00,+2.92764762E+00
+1.89000E-03,+2.93994351E+00,+2.92744655E+00
+1.90000E-03,+2.93847349E+00,+2.92774813E+00
+1.91000E-03,+2.93891329E+00,+2.92742149E+00
+1.92000E-03,+2.93792089E+00,+2.92829452E+00
+1.93000E-03,+2.93859921E+00,+2.92835112E+00
+1.94000E-03,+2.93866191E+00,+2.92876571E+00
+1.95000E-03,+2.94060934E+00,+2.92881591E+00
+1.96000E-03,+2.93880024E+00,+2.92929962E+00
+1.97000E-03,+2.93861173E+00,+2.92957595E+00
+1.98000E-03,+2.93995602E+00,+2.92961996E+00
+1.99000E-03,+2.93797107E+00,+2.92972673E+00
+2.00000E-03,+2.93859924E+00,+2.92956970E+00
+2.01000E-03,+2.93895081E+00,+2.92977695E+00
+2.02000E-03,+2.93985550E+00,+2.93020415E+00
+2.03000E-03,+2.94018218E+00,+2.92996543E+00
+2.04000E-03,+2.94019476E+00,+2.93004080E+00
+2.05000E-03,+2.93960414E+00,+2.93022925E+00
+2.06000E-03,+2.93891329E+00,+2.93003450E+00
+2.07000E-03,+2.94044597E+00,+2.93065011E+00
+2.08000E-03,+2.94070979E+00,+2.93119037E+00
+2.09000E-03,+2.93956638E+00,+2.93084484E+00
+2.10000E-03,+2.93954143E+00,+2.93120287E+00
+2.11000E-03,+2.93937816E+00,+2.93180589E+00
+2.12000E-03,+2.93859921E+00,+2.93102073E+00
+2.13000E-03,+2.93888818E+00,+2.93162370E+00
+2.14000E-03,+2.93939072E+00,+2.93193155E+00
+2.15000E-03,+2.93972989E+00,+2.93183105E+00
+2.16000E-03,+2.93947849E+00,+2.93192522E+00
+2.17000E-03,+2.93967957E+00,+2.93196920E+00
+2.18000E-03,+2.93777014E+00,+2.93192522E+00
+2.19000E-03,+2.93927751E+00,+2.93223929E+00
+2.20000E-03,+2.93828514E+00,+2.93208226E+00
+2.21000E-03,+2.93902633E+00,+2.93218277E+00
+2.22000E-03,+2.93940316E+00,+2.93216390E+00
+2.23000E-03,+2.93984301E+00,+2.93213252E+00
+2.24000E-03,+2.94043336E+00,+2.93213253E+00
+2.25000E-03,+2.93985557E+00,+2.93239633E+00
+2.26000E-03,+2.93974233E+00,+2.93223929E+00
+2.27000E-03,+2.94068459E+00,+2.93202570E+00
+2.28000E-03,+2.94000622E+00,+2.93231465E+00
+2.29000E-03,+2.93962931E+00,+2.93223929E+00
+2.30000E-03,+2.94054635E+00,+2.93261614E+00
+2.31000E-03,+2.93955401E+00,+2.93240262E+00
+2.32000E-03,+2.94032022E+00,+2.93282977E+00
+2.33000E-03,+2.94103661E+00,+2.93252820E+00
+2.34000E-03,+2.94016957E+00,+2.93262244E+00
+2.35000E-03,+2.93985550E+00,+2.93302447E+00
+2.36000E-03,+2.93859921E+00,+2.93247173E+00
+2.37000E-03,+2.94096087E+00,+2.93330081E+00
+2.38000E-03,+2.94043344E+00,+2.93273550E+00
+2.39000E-03,+2.93955409E+00,+2.93298046E+00
+2.40000E-03,+2.93998123E+00,+2.93308727E+00
+2.41000E-03,+2.93901387E+00,+2.93318150E+00
+2.42000E-03,+2.94011939E+00,+2.93338252E+00
+2.43000E-03,+2.94024500E+00,+2.93355214E+00
+2.44000E-03,+2.94108670E+00,+2.93365261E+00
+2.45000E-03,+2.94023249E+00,+2.93393528E+00
+2.46000E-03,+2.94088570E+00,+2.93364008E+00
+2.47000E-03,+2.93986801E+00,+2.93372174E+00
+2.48000E-03,+2.93954143E+00,+2.93385991E+00
+2.49000E-03,+2.94059660E+00,+2.93380964E+00
+2.50000E-03,+2.94016957E+00,+2.93349558E+00
+2.51000E-03,+2.94010662E+00,+2.93367772E+00
+2.52000E-03,+2.94048364E+00,+2.93360237E+00
+2.53000E-03,+2.94082294E+00,+2.93397299E+00
+2.54000E-03,+2.93862442E+00,+2.93377830E+00
+2.55000E-03,+2.93985536E+00,+2.93362119E+00
+2.56000E-03,+2.94075994E+00,+2.93396038E+00
+2.57000E-03,+2.94024489E+00,+2.93363378E+00
+2.58000E-03,+2.94027023E+00,+2.93399184E+00
+2.59000E-03,+2.94167724E+00,+2.93387872E+00
+2.60000E-03,+2.93954156E+00,+2.93424930E+00
+2.61000E-03,+2.94000630E+00,+2.93435615E+00
+2.62000E-03,+2.94024502E+00,+2.93409856E+00
+2.63000E-03,+2.94103648E+00,+2.93408606E+00
+2.64000E-03,+2.93991817E+00,+2.93407970E+00
+2.65000E-03,+2.94086058E+00,+2.93446922E+00
+2.66000E-03,+2.94016957E+00,+2.93423046E+00
+2.67000E-03,+2.94016957E+00,+2.93407973E+00
+2.68000E-03,+2.94055907E+00,+2.93429961E+00
+2.69000E-03,+2.94043349E+00,+2.93414252E+00
+2.70000E-03,+2.94023249E+00,+2.93443778E+00
+2.71000E-03,+2.94008157E+00,+2.93453830E+00
+2.72000E-03,+2.94018207E+00,+2.93443153E+00
+2.73000E-03,+2.94028258E+00,+2.93432477E+00
+2.74000E-03,+2.94048364E+00,+2.93470157E+00
+2.75000E-03,+2.94016948E+00,+2.93443780E+00
+2.76000E-03,+2.94011934E+00,+2.93456971E+00
+2.77000E-03,+2.93952878E+00,+2.93449434E+00
+2.78000E-03,+2.93905139E+00,+2.93451945E+00
+2.79000E-03,+2.94160162E+00,+2.93465136E+00
+2.80000E-03,+2.93947858E+00,+2.93475185E+00
+2.81000E-03,+2.93921476E+00,+2.93460111E+00
+2.82000E-03,+2.93978018E+00,+2.93473302E+00
+2.83000E-03,+2.93954143E+00,+2.93459482E+00
+2.84000E-03,+2.93981775E+00,+2.93459482E+00
+2.85000E-03,+2.94054639E+00,+2.93468902E+00
+2.86000E-03,+2.94072230E+00,+2.93475185E+00
+2.87000E-03,+2.93896359E+00,+2.93475185E+00
+2.88000E-03,+2.94093610E+00,+2.93475185E+00
+2.89000E-03,+2.93984282E+00,+2.93475185E+00
+2.90000E-03,+2.94004397E+00,+2.93475185E+00
+2.91000E-03,+2.94016957E+00,+2.93492770E+00
+2.92000E-03,+2.94011940E+00,+2.93479584E+00
+2.93000E-03,+2.94238039E+00,+2.93504706E+00
+2.94000E-03,+2.93891329E+00,+2.93505339E+00
+2.95000E-03,+2.94060935E+00,+2.93500314E+00
+2.96000E-03,+2.93996853E+00,+2.93486489E+00
+2.97000E-03,+2.94021959E+00,+2.93507218E+00
+2.98000E-03,+2.94008151E+00,+2.93475185E+00
+2.99000E-03,+2.94048364E+00,+2.93475185E+00
+3.00000E-03,+2.93954148E+00,+2.93490887E+00
+3.01000E-03,+2.94011934E+00,+2.93509103E+00
+3.02000E-03,+2.94049629E+00,+2.93485865E+00
+3.03000E-03,+2.93970477E+00,+2.93475185E+00
+3.04000E-03,+2.94030787E+00,+2.93480840E+00
+3.05000E-03,+2.93998104E+00,+2.93500308E+00
+3.06000E-03,+2.94049623E+00,+2.93522925E+00
+3.07000E-03,+2.94127521E+00,+2.93490889E+00
+3.08000E-03,+2.94128760E+00,+2.93490889E+00
+3.09000E-03,+2.94138810E+00,+2.93492776E+00
+3.10000E-03,+2.94123758E+00,+2.93512875E+00
+3.11000E-03,+2.94111178E+00,+2.93478956E+00
+3.12000E-03,+2.94168961E+00,+2.93476443E+00
+3.13000E-03,+2.93869960E+00,+2.93490889E+00
+3.14000E-03,+2.94055898E+00,+2.93478953E+00
+3.15000E-03,+2.94136312E+00,+2.93525440E+00
+3.16000E-03,+2.94142585E+00,+2.93515385E+00
+3.17000E-03,+2.94016957E+00,+2.93551813E+00
+3.18000E-03,+2.93954143E+00,+2.93516638E+00
+3.19000E-03,+2.93986803E+00,+2.93536119E+00
+3.20000E-03,+2.94004400E+00,+2.93544278E+00
+3.21000E-03,+2.94028260E+00,+2.93558103E+00
+3.22000E-03,+2.93970471E+00,+2.93514132E+00
+3.23000E-03,+2.93838568E+00,+2.93506592E+00
+3.24000E-03,+2.93901385E+00,+2.93553703E+00
+3.25000E-03,+2.93859924E+00,+2.93569400E+00
+3.26000E-03,+2.93797107E+00,+2.93527318E+00
+3.27000E-03,+2.93805889E+00,+2.93543656E+00
+3.28000E-03,+2.93861184E+00,+2.93506592E+00
+3.29000E-03,+2.93965452E+00,+2.93548048E+00
+3.30000E-03,+2.93872475E+00,+2.93531722E+00
+3.31000E-03,+2.93895106E+00,+2.93600184E+00
+3.32000E-03,+2.93898860E+00,+2.93559352E+00
+3.33000E-03,+2.93994341E+00,+2.93610243E+00
+3.34000E-03,+2.94024507E+00,+2.93605834E+00
+3.35000E-03,+2.93922751E+00,+2.93578842E+00
+3.36000E-03,+2.93984306E+00,+2.93585110E+00
+3.37000E-03,+2.94014441E+00,+2.93586368E+00
+3.38000E-03,+2.94045854E+00,+2.93585110E+00
+3.39000E-03,+2.94042098E+00,+2.93632220E+00
+3.40000E-03,+2.93972975E+00,+2.93641644E+00
+3.41000E-03,+2.94058423E+00,+2.93595784E+00
+3.42000E-03,+2.93995581E+00,+2.93616517E+00
+3.43000E-03,+2.94048364E+00,+2.93616517E+00
+3.44000E-03,+2.93952889E+00,+2.93600187E+00
+3.45000E-03,+2.93885035E+00,+2.93600813E+00
+3.46000E-03,+2.93839818E+00,+2.93605214E+00
+3.47000E-03,+2.93986800E+00,+2.93670542E+00
+3.48000E-03,+2.93944089E+00,+2.93626570E+00
+3.49000E-03,+2.93891329E+00,+2.93629706E+00
+3.50000E-03,+2.94048357E+00,+2.93663628E+00
+3.51000E-03,+2.93970484E+00,+2.93661117E+00
+3.52000E-03,+2.93975502E+00,+2.93601446E+00
+3.53000E-03,+2.94048364E+00,+2.93615254E+00
+3.54000E-03,+2.94050886E+00,+2.93617778E+00
+3.55000E-03,+2.93998103E+00,+2.93654201E+00
+3.56000E-03,+2.93989328E+00,+2.93603332E+00
+3.57000E-03,+2.93976737E+00,+2.93654213E+00
+3.58000E-03,+2.94016957E+00,+2.93636616E+00
+3.59000E-03,+2.93971734E+00,+2.93629088E+00
+3.60000E-03,+2.94104919E+00,+2.93581972E+00
+3.61000E-03,+2.94049607E+00,+2.93612125E+00
+3.62000E-03,+2.93956658E+00,+2.93673042E+00
+3.63000E-03,+2.94021975E+00,+2.93701955E+00
+3.64000E-03,+2.94063433E+00,+2.93676198E+00
+3.65000E-03,+2.94016973E+00,+2.93673051E+00
+3.66000E-03,+2.94069711E+00,+2.93600813E+00
+3.67000E-03,+2.93957924E+00,+2.93672425E+00
+3.68000E-03,+2.93913961E+00,+2.93698807E+00
+3.69000E-03,+2.93893835E+00,+2.93633474E+00
+3.70000E-03,+2.94067198E+00,+2.93695035E+00
+3.71000E-03,+2.94057164E+00,+2.93684983E+00
+3.72000E-03,+2.94077271E+00,+2.93719527E+00
+3.73000E-03,+2.94058417E+00,+2.93716388E+00
+3.74000E-03,+2.94101121E+00,+2.93655467E+00
+3.75000E-03,+2.94111187E+00,+2.93710736E+00
+3.76000E-03,+2.94221740E+00,+2.93708227E+00
+3.77000E-03,+2.94079771E+00,+2.93684355E+00
+3.78000E-03,+2.94222997E+00,+2.93703202E+00
+3.79000E-03,+2.94153895E+00,+2.93716393E+00
+3.80000E-03,+2.94148853E+00,+2.93742137E+00
+3.81000E-03,+2.94018216E+00,+2.93741515E+00
+3.82000E-03,+2.93985550E+00,+2.93710738E+00
+3.83000E-03,+2.94187817E+00,+2.93695035E+00
+3.84000E-03,+2.94055915E+00,+2.93690014E+00
+3.85000E-03,+2.94167733E+00,+2.93739008E+00
+3.86000E-03,+2.94055905E+00,+2.93742767E+00
+3.87000E-03,+2.94093567E+00,+2.93695035E+00
+3.88000E-03,+2.94009429E+00,+2.93726442E+00
+3.89000E-03,+2.94087305E+00,+2.93753447E+00
+3.90000E-03,+2.94123737E+00,+2.93713874E+00
+3.91000E-03,+2.94185278E+00,+2.93712619E+00
+3.92000E-03,+2.94088568E+00,+2.93715137E+00
+3.93000E-03,+2.94253124E+00,+2.93708852E+00
+3.94000E-03,+2.94082277E+00,+2.93710738E+00
+3.95000E-03,+2.94098605E+00,+2.93767274E+00
+3.96000E-03,+2.94108675E+00,+2.93720790E+00
+3.97000E-03,+2.94172742E+00,+2.93757224E+00
+3.98000E-03,+2.94098632E+00,+2.93731468E+00
+3.99000E-03,+2.94089828E+00,+2.93755334E+00
+4.00000E-03,+2.94079774E+00,+2.93695041E+00
+4.01000E-03,+2.94259446E+00,+2.93789256E+00
+4.02000E-03,+2.94048364E+00,+2.93779209E+00
+4.03000E-03,+2.94141322E+00,+2.93766016E+00
+4.04000E-03,+2.94113700E+00,+2.93752194E+00
+4.05000E-03,+2.94230521E+00,+2.93776695E+00
+4.06000E-03,+2.94167693E+00,+2.93804329E+00
+4.07000E-03,+2.94091067E+00,+2.93820663E+00
+4.08000E-03,+2.94083526E+00,+2.93782343E+00
+4.09000E-03,+2.94083546E+00,+2.93769776E+00
+4.10000E-03,+2.94136293E+00,+2.93757849E+00
+4.11000E-03,+2.94175234E+00,+2.93737753E+00
+4.12000E-03,+2.94016957E+00,+2.93787998E+00
+4.13000E-03,+2.94135057E+00,+2.93743400E+00
+4.14000E-03,+2.94040829E+00,+2.93789256E+00
+4.15000E-03,+2.94004380E+00,+2.93789247E+00
+4.16000E-03,+2.94062186E+00,+2.93783613E+00
+4.17000E-03,+2.94030769E+00,+2.93757849E+00
+4.18000E-03,+2.94004411E+00,+2.93795528E+00
+4.19000E-03,+2.94108672E+00,+2.93774179E+00
+4.20000E-03,+2.93972976E+00,+2.93842653E+00
+4.21000E-03,+2.93877523E+00,+2.93794907E+00
+4.22000E-03,+2.94128755E+00,+2.93788631E+00
+4.23000E-03,+2.94027010E+00,+2.93842016E+00
+4.24000E-03,+2.94158906E+00,+2.93826309E+00
+4.25000E-03,+2.94111171E+00,+2.93773554E+00
+4.26000E-03,+2.94083515E+00,+2.93768530E+00
+4.27000E-03,+2.94069724E+00,+2.93762872E+00
+4.28000E-03,+2.94093579E+00,+2.93774184E+00
+4.29000E-03,+2.94102391E+00,+2.93809353E+00
+4.30000E-03,+2.94060916E+00,+2.93820654E+00
+4.31000E-03,+2.94045844E+00,+2.93775442E+00
+4.32000E-03,+2.94020722E+00,+2.93806842E+00
+4.33000E-03,+2.93931526E+00,+2.93802441E+00
+4.34000E-03,+2.93967958E+00,+2.93852070E+00
+4.35000E-03,+2.94060912E+00,+2.93823800E+00
+4.36000E-03,+2.94025740E+00,+2.93848299E+00
+4.37000E-03,+2.94004376E+00,+2.93765397E+00
+4.38000E-03,+2.94111178E+00,+2.93836366E+00
+4.39000E-03,+2.94119982E+00,+2.93824430E+00
+4.40000E-03,+2.93954143E+00,+2.93848925E+00
+4.41000E-03,+2.94097355E+00,+2.93803078E+00
+4.42000E-03,+2.93985550E+00,+2.93831967E+00
+4.43000E-03,+2.94008184E+00,+2.93843911E+00
+4.44000E-03,+2.94047111E+00,+2.93852070E+00
+4.45000E-03,+2.94086049E+00,+2.93789256E+00
+4.46000E-03,+2.94037061E+00,+2.93867773E+00
+4.47000E-03,+2.94004376E+00,+2.93843906E+00
+4.48000E-03,+2.94057172E+00,+2.93851447E+00
+4.49000E-03,+2.94027014E+00,+2.93809988E+00
+4.50000E-03,+2.93985553E+00,+2.93883471E+00
+4.51000E-03,+2.93942822E+00,+2.93812491E+00
+4.52000E-03,+2.94079771E+00,+2.93836366E+00
+4.53000E-03,+2.94146375E+00,+2.93860237E+00
+4.54000E-03,+2.94016957E+00,+2.93838890E+00
+4.55000E-03,+2.94004405E+00,+2.93836366E+00
+4.56000E-03,+2.94023256E+00,+2.93851440E+00
+4.57000E-03,+2.94135054E+00,+2.93832601E+00
+4.58000E-03,+2.94016957E+00,+2.93867773E+00
+4.59000E-03,+2.94055916E+00,+2.93857089E+00
+4.60000E-03,+2.94079771E+00,+2.93874047E+00
+4.61000E-03,+2.94087312E+00,+2.93875935E+00
+4.62000E-03,+2.93966724E+00,+2.93821921E+00
+4.63000E-03,+2.94132549E+00,+2.93852070E+00
+4.64000E-03,+2.94023220E+00,+2.93815625E+00
+4.65000E-03,+2.94067212E+00,+2.93814374E+00
+4.66000E-03,+2.94027018E+00,+2.93804959E+00
+4.67000E-03,+2.94121206E+00,+2.93820663E+00
+4.68000E-03,+2.94044591E+00,+2.93897294E+00
+4.69000E-03,+2.94111178E+00,+2.93865894E+00
+4.70000E-03,+2.94224250E+00,+2.93861496E+00
+4.71000E-03,+2.94097373E+00,+2.93893529E+00
+4.72000E-03,+2.93984301E+00,+2.93860858E+00
+4.73000E-03,+2.94145075E+00,+2.93877205E+00
+4.74000E-03,+2.94033277E+00,+2.93841395E+00
+4.75000E-03,+2.93859933E+00,+2.93836366E+00
+4.76000E-03,+2.93990571E+00,+2.93878455E+00
+4.77000E-03,+2.93994329E+00,+2.93831343E+00
+4.78000E-03,+2.94030765E+00,+2.93844534E+00
+4.79000E-03,+2.94057150E+00,+2.93866511E+00
+4.80000E-03,+2.94136300E+00,+2.93880344E+00
+4.81000E-03,+2.94049624E+00,+2.93868403E+00
+4.82000E-03,+2.94059659E+00,+2.93859600E+00
+4.83000E-03,+2.94025747E+00,+2.93872168E+00
+4.84000E-03,+2.94062179E+00,+2.93876569E+00
+4.85000E-03,+2.93966690E+00,+2.93870910E+00
+4.86000E-03,+2.94160150E+00,+2.93848299E+00
+4.87000E-03,+2.94185268E+00,+2.93883477E+00
+4.88000E-03,+2.94096125E+00,+2.93883477E+00
+4.89000E-03,+2.94081042E+00,+2.93887244E+00
+4.90000E-03,+2.93922717E+00,+2.93877197E+00
+4.91000E-03,+2.93942859E+00,+2.93874685E+00
+4.92000E-03,+2.93994347E+00,+2.93869665E+00
+4.93000E-03,+2.94075998E+00,+2.93881590E+00
+4.94000E-03,+2.94103663E+00,+2.93882224E+00
+4.95000E-03,+2.94042086E+00,+2.93892903E+00
+4.96000E-03,+2.94185295E+00,+2.93883477E+00
+4.97000E-03,+2.93986798E+00,+2.93923048E+00
+4.98000E-03,+2.94038310E+00,+2.93888504E+00
+4.99000E-03,+2.94037073E+00,+2.93931204E+00
+5.00000E-03,+2.93891332E+00,+2.93961989E+00
+5.01000E-03,+2.94132542E+00,+2.93961994E+00
+5.02000E-03,+2.93964189E+00,+2.93936244E+00
+5.03000E-03,+2.93984286E+00,+2.93977698E+00
+5.04000E-03,+2.94022005E+00,+2.93992139E+00
+5.05000E-03,+2.93941591E+00,+2.93965137E+00
+5.06000E-03,+2.93951622E+00,+2.93962624E+00
+5.07000E-03,+2.93887564E+00,+2.93926822E+00
+5.08000E-03,+2.94062191E+00,+2.93936859E+00
+5.09000E-03,+2.93926512E+00,+2.93921791E+00
+5.10000E-03,+2.93998116E+00,+2.93952564E+00
+5.11000E-03,+2.93960443E+00,+2.93938129E+00
+5.12000E-03,+2.93841097E+00,+2.93931846E+00
+5.13000E-03,+2.94108669E+00,+2.93947545E+00
+5.14000E-03,+2.94006879E+00,+2.93946291E+00
+5.15000E-03,+2.94073501E+00,+2.93908595E+00
+5.16000E-03,+2.94038302E+00,+2.93901061E+00
+5.17000E-03,+2.93941560E+00,+2.93923682E+00
+5.18000E-03,+2.94072225E+00,+2.94017263E+00
+5.19000E-03,+2.93988054E+00,+2.94037381E+00
+5.20000E-03,+2.94010679E+00,+2.93996540E+00
+5.21000E-03,+2.94102376E+00,+2.93966395E+00
+5.22000E-03,+2.94052109E+00,+2.93907344E+00
+5.23000E-03,+2.94038309E+00,+2.93988996E+00
+5.24000E-03,+2.94068480E+00,+2.93959480E+00
+5.25000E-03,+2.94111178E+00,+2.93961996E+00
+5.26000E-03,+2.94132542E+00,+2.93975187E+00
+5.27000E-03,+2.93910153E+00,+2.93951314E+00
+5.28000E-03,+2.94160185E+00,+2.93967002E+00
+5.29000E-03,+2.94070985E+00,+2.93972043E+00
+5.30000E-03,+2.94067240E+00,+2.94002829E+00
+5.31000E-03,+2.94107397E+00,+2.94009105E+00
+5.32000E-03,+2.94138820E+00,+2.93932470E+00
+5.33000E-03,+2.94102388E+00,+2.93979574E+00
+5.34000E-03,+2.94058402E+00,+2.94002197E+00
+5.35000E-03,+2.94130018E+00,+2.93983981E+00
+5.36000E-03,+2.94088553E+00,+2.93922425E+00
+5.37000E-03,+2.94035781E+00,+2.93977698E+00
+5.38000E-03,+2.94000601E+00,+2.94024808E+00
+5.39000E-03,+2.93994356E+00,+2.94009105E+00
+5.40000E-03,+2.94023226E+00,+2.94002815E+00
+5.41000E-03,+2.94048364E+00,+2.93998433E+00
+5.42000E-03,+2.93949130E+00,+2.93989002E+00
+5.43000E-03,+2.94048364E+00,+2.93967654E+00
+5.44000E-03,+2.93868687E+00,+2.94009105E+00
+5.45000E-03,+2.94048364E+00,+2.94046799E+00
+5.46000E-03,+2.94004353E+00,+2.94019157E+00
+5.47000E-03,+2.93998133E+00,+2.93977074E+00
+5.48000E-03,+2.94028255E+00,+2.94003456E+00
+5.49000E-03,+2.94094858E+00,+2.94022294E+00
+5.50000E-03,+2.94079754E+00,+2.94009107E+00
+5.51000E-03,+2.94016957E+00,+2.93980208E+00
+5.52000E-03,+2.93839829E+00,+2.93997790E+00
+5.53000E-03,+2.94018221E+00,+2.93970794E+00
+5.54000E-03,+2.93907689E+00,+2.94002187E+00
+5.55000E-03,+2.93947857E+00,+2.93977708E+00
+5.56000E-03,+2.94040801E+00,+2.93975807E+00
+5.57000E-03,+2.93998133E+00,+2.94010987E+00
+5.58000E-03,+2.94062191E+00,+2.93997796E+00
+5.59000E-03,+2.94083548E+00,+2.94017901E+00
+5.60000E-03,+2.94042070E+00,+2.93999695E+00
+5.61000E-03,+2.93969226E+00,+2.94048054E+00
+5.62000E-03,+2.94137551E+00,+2.94062507E+00
+5.63000E-03,+2.94077262E+00,+2.94056215E+00
+5.64000E-03,+2.94016957E+00,+2.94044279E+00
+5.65000E-03,+2.94048343E+00,+2.94040512E+00
+5.66000E-03,+2.94019498E+00,+2.94021048E+00
+5.67000E-03,+2.94034553E+00,+2.94036113E+00
+5.68000E-03,+2.93981777E+00,+2.94064373E+00
+5.69000E-03,+2.93985550E+00,+2.94070667E+00
+5.70000E-03,+2.94148862E+00,+2.94049938E+00
+5.71000E-03,+2.94093573E+00,+2.94075070E+00
+5.72000E-03,+2.93921488E+00,+2.94026056E+00
+5.73000E-03,+2.94047120E+00,+2.94020403E+00
+5.74000E-03,+2.94037074E+00,+2.94035483E+00
+5.75000E-03,+2.94048364E+00,+2.94040508E+00
+5.76000E-03,+2.94021978E+00,+2.93972036E+00
+5.77000E-03,+2.94039587E+00,+2.94061238E+00
+5.78000E-03,+2.93936542E+00,+2.94056215E+00
+5.79000E-03,+2.93990600E+00,+2.94036119E+00
+5.80000E-03,+2.94010692E+00,+2.94040523E+00
+5.81000E-03,+2.94019478E+00,+2.94029220E+00
+5.82000E-03,+2.94060948E+00,+2.94052451E+00
+5.83000E-03,+2.93900118E+00,+2.94065005E+00
+5.84000E-03,+2.94118732E+00,+2.94047419E+00
+5.85000E-03,+2.93960415E+00,+2.94068772E+00
+5.86000E-03,+2.93890089E+00,+2.94027960E+00
+5.87000E-03,+2.94098594E+00,+2.94086364E+00
+5.88000E-03,+2.94103653E+00,+2.94012867E+00
+5.89000E-03,+2.94266940E+00,+2.94088896E+00
+5.90000E-03,+2.94067191E+00,+2.94081343E+00
+5.91000E-03,+2.94111178E+00,+2.94105206E+00
+5.92000E-03,+2.94165194E+00,+2.94087622E+00
+5.93000E-03,+2.94229260E+00,+2.94073806E+00
+5.94000E-03,+2.94111178E+00,+2.94057467E+00
+5.95000E-03,+2.94148883E+00,+2.94078207E+00
+5.96000E-03,+2.94111178E+00,+2.94087622E+00
+5.97000E-03,+2.94094850E+00,+2.94126569E+00
+5.98000E-03,+2.94058418E+00,+2.94082595E+00
+5.99000E-03,+2.94068481E+00,+2.94071919E+00
+6.00000E-03,+2.94173983E+00,+2.94056215E+00
+6.01000E-03,+2.94101136E+00,+2.94093284E+00
+6.02000E-03,+2.93986819E+00,+2.94029197E+00
+6.03000E-03,+2.94033293E+00,+2.94071919E+00
+6.04000E-03,+2.93962928E+00,+2.94076312E+00
+6.05000E-03,+2.94073485E+00,+2.94049930E+00
+6.06000E-03,+2.94010653E+00,+2.94086992E+00
+6.07000E-03,+2.94009428E+00,+2.94115265E+00
+6.08000E-03,+2.94088560E+00,+2.94110240E+00
+6.09000E-03,+2.94101141E+00,+2.94110233E+00
+6.10000E-03,+2.94161425E+00,+2.94087622E+00
+6.11000E-03,+2.94157669E+00,+2.94112107E+00
+6.12000E-03,+2.94197848E+00,+2.94103326E+00
+6.13000E-03,+2.94079771E+00,+2.94085114E+00
+6.14000E-03,+2.94150118E+00,+2.94071919E+00
+6.15000E-03,+2.94224247E+00,+2.94097036E+00
+6.16000E-03,+2.94044604E+00,+2.94110238E+00
+6.17000E-03,+2.94200387E+00,+2.94109618E+00
+6.18000E-03,+2.94075997E+00,+2.94077579E+00
+6.19000E-03,+2.94083526E+00,+2.94105204E+00
+6.20000E-03,+2.94023212E+00,+2.94062492E+00
+6.21000E-03,+2.94214202E+00,+2.94151686E+00
+6.22000E-03,+2.94298373E+00,+2.94126569E+00
+6.23000E-03,+2.94176478E+00,+2.94098299E+00
+6.24000E-03,+2.94114978E+00,+2.94051186E+00
+6.25000E-03,+2.94173987E+00,+2.94150439E+00
+6.26000E-03,+2.94190337E+00,+2.94111499E+00
+6.27000E-03,+2.94069725E+00,+2.94135368E+00
+6.28000E-03,+2.94158921E+00,+2.94109596E+00
+6.29000E-03,+2.94045838E+00,+2.94154829E+00
+6.30000E-03,+2.93973000E+00,+2.94144139E+00
+6.31000E-03,+2.94171470E+00,+2.94073810E+00
+6.32000E-03,+2.94020721E+00,+2.94122794E+00
+6.33000E-03,+2.94170241E+00,+2.94114635E+00
+6.34000E-03,+2.94124992E+00,+2.94063123E+00
+6.35000E-03,+2.94161425E+00,+2.94109598E+00
+6.36000E-03,+2.94081009E+00,+2.94048054E+00
+6.37000E-03,+2.93959177E+00,+2.94058733E+00
+6.38000E-03,+2.94123718E+00,+2.94059978E+00
+6.39000E-03,+2.94142585E+00,+2.94071919E+00
+6.40000E-03,+2.94123736E+00,+2.94078187E+00
+6.41000E-03,+2.94114938E+00,+2.94115270E+00
+6.42000E-03,+2.94233019E+00,+2.94092022E+00
+6.43000E-03,+2.94075997E+00,+2.94089509E+00
+6.44000E-03,+2.94172740E+00,+2.94088874E+00
+6.45000E-03,+2.94192868E+00,+2.94081334E+00
+6.46000E-03,+2.94161384E+00,+2.94073168E+00
+6.47000E-03,+2.94126258E+00,+2.94110242E+00
+6.48000E-03,+2.94131287E+00,+2.94081352E+00
+6.49000E-03,+2.94069711E+00,+2.94074434E+00
+6.50000E-03,+2.93985554E+00,+2.94134728E+00
+6.51000E-03,+2.94215440E+00,+2.94097664E+00
+6.52000E-03,+2.94081041E+00,+2.94122782E+00
+6.53000E-03,+2.94179054E+00,+2.94103959E+00
+6.54000E-03,+2.94111178E+00,+2.94123422E+00
+6.55000E-03,+2.94148871E+00,+2.94175569E+00
+6.56000E-03,+2.93925257E+00,+2.94149806E+00
+6.57000E-03,+2.94022014E+00,+2.94105208E+00
+6.58000E-03,+2.94011918E+00,+2.94123424E+00
+6.59000E-03,+2.94062178E+00,+2.94166140E+00
+6.60000E-03,+2.94111201E+00,+2.94112746E+00
+6.61000E-03,+2.94088551E+00,+2.94178691E+00
+6.62000E-03,+2.94089839E+00,+2.94075695E+00
+6.63000E-03,+2.94021973E+00,+2.94128463E+00
+6.64000E-03,+2.94127519E+00,+2.94115263E+00
+6.65000E-03,+2.94117445E+00,+2.94147303E+00
+6.66000E-03,+2.94153863E+00,+2.94161108E+00
+6.67000E-03,+2.94182790E+00,+2.94146037E+00
+6.68000E-03,+2.94063458E+00,+2.94122803E+00
+6.69000E-03,+2.94081022E+00,+2.94179966E+00
+6.70000E-03,+2.94123731E+00,+2.94159852E+00
+6.71000E-03,+2.94145083E+00,+2.94166140E+00
+6.72000E-03,+2.94156418E+00,+2.94111489E+00
+6.73000E-03,+2.94153882E+00,+2.94139760E+00
+6.74000E-03,+2.94089830E+00,+2.94118415E+00
+6.75000E-03,+2.94236773E+00,+2.94134740E+00
+6.76000E-03,+2.93952858E+00,+2.94195037E+00
+6.77000E-03,+2.94173992E+00,+2.94139756E+00
+6.78000E-03,+2.94112443E+00,+2.94141636E+00
+6.79000E-03,+2.94108651E+00,+2.94160484E+00
+6.80000E-03,+2.94199136E+00,+2.94131602E+00
+6.81000E-03,+2.94205399E+00,+2.94164879E+00
+6.82000E-03,+2.94201635E+00,+2.94178079E+00
+6.83000E-03,+2.94142585E+00,+2.94139128E+00
+6.84000E-03,+2.94026993E+00,+2.94143529E+00
+6.85000E-03,+2.94092315E+00,+2.94150437E+00
+6.86000E-03,+2.94175229E+00,+2.94193776E+00
+6.87000E-03,+2.94155171E+00,+2.94171175E+00
+6.88000E-03,+2.94145093E+00,+2.94166140E+00
+6.89000E-03,+2.94103645E+00,+2.94134733E+00
+6.90000E-03,+2.94180283E+00,+2.94103314E+00
+6.91000E-03,+2.94142585E+00,+2.94176811E+00
+6.92000E-03,+2.94151384E+00,+2.94139132E+00
+6.93000E-03,+2.94229259E+00,+2.94126577E+00
+6.94000E-03,+2.94197890E+00,+2.94197547E+00
+6.95000E-03,+2.94142585E+00,+2.94153575E+00
+6.96000E-03,+2.94077273E+00,+2.94156087E+00
+6.97000E-03,+2.94048364E+00,+2.94166140E+00
+6.98000E-03,+2.94015715E+00,+2.94197547E+00
+6.99000E-03,+2.94122465E+00,+2.94192517E+00
+7.00000E-03,+2.94048335E+00,+2.94181846E+00
+7.01000E-03,+2.94074750E+00,+2.94144774E+00
+7.02000E-03,+2.94101132E+00,+2.94166775E+00
+7.03000E-03,+2.94053427E+00,+2.94197547E+00
+7.04000E-03,+2.94150166E+00,+2.94180580E+00
+7.05000E-03,+2.93947881E+00,+2.94200678E+00
+7.06000E-03,+2.94081032E+00,+2.94149806E+00
+7.07000E-03,+2.94197871E+00,+2.94249069E+00
+7.08000E-03,+2.94048364E+00,+2.94156706E+00
+7.09000E-03,+2.93974214E+00,+2.94185622E+00
+7.10000E-03,+2.94067203E+00,+2.94169276E+00
+7.11000E-03,+2.94103635E+00,+2.94138504E+00
+7.12000E-03,+2.94173992E+00,+2.94149178E+00
+7.13000E-03,+2.94163961E+00,+2.94150437E+00
+7.14000E-03,+2.94212932E+00,+2.94162374E+00
+7.15000E-03,+2.94086062E+00,+2.94150437E+00
+7.16000E-03,+2.94153862E+00,+2.94117150E+00
+7.17000E-03,+2.94116188E+00,+2.94186243E+00
+7.18000E-03,+2.94131264E+00,+2.94114647E+00
+7.19000E-03,+2.94236806E+00,+2.94210122E+00
+7.20000E-03,+2.94092324E+00,+2.94106452E+00
+7.21000E-03,+2.94160192E+00,+2.94187494E+00
+7.22000E-03,+2.94093605E+00,+2.94181844E+00
+7.23000E-03,+2.94225509E+00,+2.94171168E+00
+7.24000E-03,+2.94111178E+00,+2.94218894E+00
+7.25000E-03,+2.94142595E+00,+2.94228957E+00
+7.26000E-03,+2.94074751E+00,+2.94166140E+00
+7.27000E-03,+2.94155172E+00,+2.94176185E+00
+7.28000E-03,+2.94157655E+00,+2.94173675E+00
+7.29000E-03,+2.94156424E+00,+2.94139125E+00
+7.30000E-03,+2.94060936E+00,+2.94112756E+00
+7.31000E-03,+2.94236806E+00,+2.94164248E+00
+7.32000E-03,+2.94059655E+00,+2.94203841E+00
+7.33000E-03,+2.94097349E+00,+2.94159226E+00
+7.34000E-03,+2.94087328E+00,+2.94173047E+00
+7.35000E-03,+2.94098660E+00,+2.94181844E+00
+7.36000E-03,+2.94102399E+00,+2.94157979E+00
+7.37000E-03,+2.94273248E+00,+2.94135992E+00
+7.38000E-03,+2.94097324E+00,+2.94186859E+00
+7.39000E-03,+2.93984273E+00,+2.94220783E+00
+7.40000E-03,+2.94086037E+00,+2.94191268E+00
+7.41000E-03,+2.94062188E+00,+2.94179964E+00
+7.42000E-03,+2.94124987E+00,+2.94159236E+00
+7.43000E-03,+2.94028278E+00,+2.94148550E+00
+7.44000E-03,+2.94016957E+00,+2.94166766E+00
+7.45000E-03,+2.94142585E+00,+2.94162989E+00
+7.46000E-03,+2.94162690E+00,+2.94186246E+00
+7.47000E-03,+2.94049610E+00,+2.94174303E+00
+7.48000E-03,+2.94224268E+00,+2.94196927E+00
+7.49000E-03,+2.94216685E+00,+2.94213251E+00
+7.50000E-03,+2.94205374E+00,+2.94213251E+00
+7.51000E-03,+2.93959163E+00,+2.94221424E+00
+7.52000E-03,+2.94195354E+00,+2.94219545E+00
+7.53000E-03,+2.94142585E+00,+2.94220786E+00
+7.54000E-03,+2.94108650E+00,+2.94234610E+00
+7.55000E-03,+2.94104891E+00,+2.94232097E+00
+7.56000E-03,+2.94087339E+00,+2.94199439E+00
+7.57000E-03,+2.94138821E+00,+2.94169904E+00
+7.58000E-03,+2.94141293E+00,+2.94188758E+00
+7.59000E-03,+2.94150143E+00,+2.94281082E+00
+7.60000E-03,+2.94199102E+00,+2.94272916E+00
+7.61000E-03,+2.94151363E+00,+2.94252200E+00
+7.62000E-03,+2.94145102E+00,+2.94274806E+00
+7.63000E-03,+2.94166469E+00,+2.94289261E+00
+7.64000E-03,+2.94181524E+00,+2.94220783E+00
+7.65000E-03,+2.94123761E+00,+2.94228954E+00
+7.66000E-03,+2.94160168E+00,+2.94211371E+00
+7.67000E-03,+2.94197820E+00,+2.94222660E+00
+7.68000E-03,+2.94114952E+00,+2.94240884E+00
+7.69000E-03,+2.94140083E+00,+2.94244658E+00
+7.70000E-03,+2.94130032E+00,+2.94244671E+00
+7.71000E-03,+2.94282011E+00,+2.94250308E+00
+7.72000E-03,+2.94128750E+00,+2.94253444E+00
+7.73000E-03,+2.94098641E+00,+2.94291148E+00
+7.74000E-03,+2.94074740E+00,+2.94291768E+00
+7.75000E-03,+2.94048379E+00,+2.94276072E+00
+7.76000E-03,+2.94179012E+00,+2.94294278E+00
+7.77000E-03,+2.94215444E+00,+2.94281723E+00
+7.78000E-03,+2.94156388E+00,+2.94284233E+00
+7.79000E-03,+2.94216711E+00,+2.94301816E+00
+7.80000E-03,+2.94136324E+00,+2.94272934E+00
+7.81000E-03,+2.94173992E+00,+2.94277326E+00
+7.82000E-03,+2.94260686E+00,+2.94289237E+00
+7.83000E-03,+2.94233058E+00,+2.94266630E+00
+7.84000E-03,+2.94150143E+00,+2.94277303E+00
+7.85000E-03,+2.94142559E+00,+2.94235225E+00
+7.86000E-03,+2.94228028E+00,+2.94287997E+00
+7.87000E-03,+2.94055917E+00,+2.94260361E+00
+7.88000E-03,+2.93995579E+00,+2.94262868E+00
+7.89000E-03,+2.94065983E+00,+2.94244658E+00
+7.90000E-03,+2.94079745E+00,+2.94272932E+00
+7.91000E-03,+2.94146343E+00,+2.94295527E+00
+7.92000E-03,+2.94219207E+00,+2.94224555E+00
+7.93000E-03,+2.94106189E+00,+2.94266022E+00
+7.94000E-03,+2.94173992E+00,+2.94258485E+00
+7.95000E-03,+2.94186570E+00,+2.94272927E+00
+7.96000E-03,+2.94059665E+00,+2.94271662E+00
+7.97000E-03,+2.94160157E+00,+2.94315012E+00
+7.98000E-03,+2.94141344E+00,+2.94312499E+00
+7.99000E-03,+2.94042109E+00,+2.94291768E+00
+8.00000E-03,+2.94205372E+00,+2.94260366E+00
+8.01000E-03,+2.94184031E+00,+2.94294278E+00
+8.02000E-03,+2.94185309E+00,+2.94301813E+00
+8.03000E-03,+2.94158922E+00,+2.94284233E+00
+8.04000E-03,+2.94171463E+00,+2.94227690E+00
+8.05000E-03,+2.94136298E+00,+2.94238384E+00
+8.06000E-03,+2.94116224E+00,+2.94277957E+00
+8.07000E-03,+2.94170228E+00,+2.94283592E+00
+8.08000E-03,+2.94102389E+00,+2.94296163E+00
+8.09000E-03,+2.94173992E+00,+2.94286751E+00
+8.10000E-03,+2.94155153E+00,+2.94272929E+00
+8.11000E-03,+2.94221720E+00,+2.94271676E+00
+8.12000E-03,+2.94171474E+00,+2.94286732E+00
+8.13000E-03,+2.94229284E+00,+2.94276065E+00
+8.14000E-03,+2.93991804E+00,+2.94295534E+00
+8.15000E-03,+2.94104912E+00,+2.94316897E+00
+8.16000E-03,+2.94093595E+00,+2.94318142E+00
+8.17000E-03,+2.94201609E+00,+2.94341383E+00
+8.18000E-03,+2.94216722E+00,+2.94311246E+00
+8.19000E-03,+2.94111178E+00,+2.94291768E+00
+8.20000E-03,+2.94130033E+00,+2.94266624E+00
+8.21000E-03,+2.94185293E+00,+2.94282963E+00
+8.22000E-03,+2.94062199E+00,+2.94331961E+00
+8.23000E-03,+2.94047124E+00,+2.94302444E+00
+8.24000E-03,+2.94241836E+00,+2.94278580E+00
+8.25000E-03,+2.94173986E+00,+2.94323189E+00
+8.26000E-03,+2.94162664E+00,+2.94257207E+00
+8.27000E-03,+2.94226761E+00,+2.94296791E+00
+8.28000E-03,+2.94170190E+00,+2.94274798E+00
+8.29000E-03,+2.94088554E+00,+2.94306207E+00
+8.30000E-03,+2.94086058E+00,+2.94329448E+00
+8.31000E-03,+2.94083556E+00,+2.94245919E+00
+8.32000E-03,+2.94087298E+00,+2.94328820E+00
+8.33000E-03,+2.94089854E+00,+2.94325049E+00
+8.34000E-03,+2.94096059E+00,+2.94384099E+00
+8.35000E-03,+2.94023254E+00,+2.94326324E+00
+8.36000E-03,+2.94015722E+00,+2.94346422E+00
+8.37000E-03,+2.94145103E+00,+2.94295545E+00
+8.38000E-03,+2.94200385E+00,+2.94320668E+00
+8.39000E-03,+2.93999336E+00,+2.94296173E+00
+8.40000E-03,+2.94060921E+00,+2.94338879E+00
+8.41000E-03,+2.94122451E+00,+2.94312505E+00
+8.42000E-03,+2.94121195E+00,+2.94284864E+00
+8.43000E-03,+2.94201625E+00,+2.94335104E+00
+8.44000E-03,+2.94142585E+00,+2.94308722E+00
+8.45000E-03,+2.94092350E+00,+2.94332603E+00
+8.46000E-03,+2.94008152E+00,+2.94307472E+00
+8.47000E-03,+2.94156420E+00,+2.94315635E+00
+8.48000E-03,+2.94172752E+00,+2.94318147E+00
+8.49000E-03,+2.94127493E+00,+2.94299314E+00
+8.50000E-03,+2.94142579E+00,+2.94370272E+00
+8.51000E-03,+2.94163953E+00,+2.94309982E+00
+8.52000E-03,+2.94163947E+00,+2.94279814E+00
+8.53000E-03,+2.94317225E+00,+2.94379722E+00
+8.54000E-03,+2.94268213E+00,+2.94369021E+00
+8.55000E-03,+2.94136326E+00,+2.94313759E+00
+8.56000E-03,+2.94143847E+00,+2.94293661E+00
+8.57000E-03,+2.94173992E+00,+2.94357114E+00
+8.58000E-03,+2.94187822E+00,+2.94269150E+00
+8.59000E-03,+2.94079771E+00,+2.94274175E+00
+8.60000E-03,+2.94243076E+00,+2.94335744E+00
+8.61000E-03,+2.94163981E+00,+2.94311243E+00
+8.62000E-03,+2.94161401E+00,+2.94421768E+00
+8.63000E-03,+2.94145092E+00,+2.94311232E+00
+8.64000E-03,+2.94118710E+00,+2.94335113E+00
+8.65000E-03,+2.94155142E+00,+2.94335746E+00
+8.66000E-03,+2.94177749E+00,+2.94331966E+00
+8.67000E-03,+2.93989341E+00,+2.94318775E+00
+8.68000E-03,+2.94276973E+00,+2.94338879E+00
+8.69000E-03,+2.94173992E+00,+2.94325051E+00
+8.70000E-03,+2.94230530E+00,+2.94335741E+00
+8.71000E-03,+2.94151390E+00,+2.94374688E+00
+8.72000E-03,+2.94315946E+00,+2.94434345E+00
+8.73000E-03,+2.94172752E+00,+2.94333851E+00
+8.74000E-03,+2.94157677E+00,+2.94352067E+00
+8.75000E-03,+2.94142602E+00,+2.94401684E+00
+8.76000E-03,+2.94226767E+00,+2.94333214E+00
+8.77000E-03,+2.94206672E+00,+2.94348287E+00
+8.78000E-03,+2.94128783E+00,+2.94338245E+00
+8.79000E-03,+2.94160150E+00,+2.94345800E+00
+8.80000E-03,+2.94142585E+00,+2.94332606E+00
+8.81000E-03,+2.94200351E+00,+2.94354582E+00
+8.82000E-03,+2.93969195E+00,+2.94368404E+00
+8.83000E-03,+2.94210441E+00,+2.94385989E+00
+8.84000E-03,+2.94107398E+00,+2.94293658E+00
+8.85000E-03,+2.94155153E+00,+2.94373421E+00
+8.86000E-03,+2.94103634E+00,+2.94299312E+00
+8.87000E-03,+2.94123769E+00,+2.94371545E+00
+8.88000E-03,+2.94381307E+00,+2.94316246E+00
+8.89000E-03,+2.94151396E+00,+2.94382863E+00
+8.90000E-03,+2.94148878E+00,+2.94389121E+00
+8.91000E-03,+2.94111178E+00,+2.94365252E+00
+8.92000E-03,+2.94245606E+00,+2.94327575E+00
+8.93000E-03,+2.94091094E+00,+2.94332612E+00
+8.94000E-03,+2.94265712E+00,+2.94385989E+00
+8.95000E-03,+2.94136309E+00,+2.94342017E+00
+8.96000E-03,+2.94124974E+00,+2.94390392E+00
+8.97000E-03,+2.94238051E+00,+2.94401693E+00
+8.98000E-03,+2.94152641E+00,+2.94385370E+00
+8.99000E-03,+2.94206621E+00,+2.94399177E+00
+9.00000E-03,+2.94205405E+00,+2.94433100E+00
+9.01000E-03,+2.94231787E+00,+2.94431236E+00
+9.02000E-03,+2.94290849E+00,+2.94417396E+00
+9.03000E-03,+2.94141317E+00,+2.94393524E+00
+9.04000E-03,+2.94153897E+00,+2.94370286E+00
+9.05000E-03,+2.94205370E+00,+2.94342022E+00
+9.06000E-03,+2.94200351E+00,+2.94340772E+00
+9.07000E-03,+2.94099889E+00,+2.94330701E+00
+9.08000E-03,+2.94084813E+00,+2.94350188E+00
+9.09000E-03,+2.94054616E+00,+2.94328192E+00
+9.10000E-03,+2.94098580E+00,+2.94370271E+00
+9.11000E-03,+2.94049597E+00,+2.94406081E+00
+9.12000E-03,+2.94077252E+00,+2.94355841E+00
+9.13000E-03,+2.94140078E+00,+2.94376553E+00
+9.14000E-03,+2.94127521E+00,+2.94367160E+00
+9.15000E-03,+2.94023250E+00,+2.94436246E+00
+9.16000E-03,+2.94156410E+00,+2.94419275E+00
+9.17000E-03,+2.94097370E+00,+2.94390389E+00
+9.18000E-03,+2.94142585E+00,+2.94332612E+00
+9.19000E-03,+2.94178993E+00,+2.94339504E+00
+9.20000E-03,+2.94180238E+00,+2.94298044E+00
+9.21000E-03,+2.94196593E+00,+2.94363388E+00
+9.22000E-03,+2.94063445E+00,+2.94423070E+00
+9.23000E-03,+2.94047125E+00,+2.94390398E+00
+9.24000E-03,+2.94084802E+00,+2.94445677E+00
+9.25000E-03,+2.94142585E+00,+2.94495902E+00
+9.26000E-03,+2.94011937E+00,+2.94472036E+00
+9.27000E-03,+2.94068452E+00,+2.94385352E+00
+9.28000E-03,+2.94157654E+00,+2.94463239E+00
+9.29000E-03,+2.94079771E+00,+2.94404223E+00
+9.30000E-03,+2.94054651E+00,+2.94411124E+00
+9.31000E-03,+2.94112440E+00,+2.94339510E+00
+9.32000E-03,+2.94096126E+00,+2.94474566E+00
+9.33000E-03,+2.94119966E+00,+2.94403565E+00
+9.34000E-03,+2.94009395E+00,+2.94420522E+00
+9.35000E-03,+2.93916496E+00,+2.94329474E+00
+9.36000E-03,+2.94006948E+00,+2.94413008E+00
+9.37000E-03,+2.94187769E+00,+2.94448803E+00
+9.38000E-03,+2.93966676E+00,+2.94396680E+00
+9.39000E-03,+2.94166460E+00,+2.94333833E+00
+9.40000E-03,+2.94073507E+00,+2.94376564E+00
+9.41000E-03,+2.94142585E+00,+2.94440012E+00
+9.42000E-03,+2.94097371E+00,+2.94342672E+00
+9.43000E-03,+2.93974225E+00,+2.94446916E+00
+9.44000E-03,+2.94048364E+00,+2.94399192E+00
+9.45000E-03,+2.94130034E+00,+2.94436238E+00
+9.46000E-03,+2.94037063E+00,+2.94410499E+00
+9.47000E-03,+2.93925224E+00,+2.94392908E+00
+9.48000E-03,+2.93942848E+00,+2.94358991E+00
+9.49000E-03,+2.93954143E+00,+2.94357708E+00
+9.50000E-03,+2.94048358E+00,+2.94401687E+00
+9.51000E-03,+2.93960454E+00,+2.94412377E+00
+9.52000E-03,+2.93974231E+00,+2.94422418E+00
+9.53000E-03,+2.94033294E+00,+2.94416762E+00
+9.54000E-03,+2.94062207E+00,+2.94382864E+00
+9.55000E-03,+2.94085998E+00,+2.94420540E+00
+9.56000E-03,+2.94050888E+00,+2.94480842E+00
+9.57000E-03,+2.93985550E+00,+2.94356464E+00
+9.58000E-03,+2.94097347E+00,+2.94402342E+00
+9.59000E-03,+2.94181554E+00,+2.94434990E+00
+9.60000E-03,+2.93991849E+00,+2.94386004E+00
+9.61000E-03,+2.94073459E+00,+2.94436872E+00
+9.62000E-03,+2.94069696E+00,+2.94394805E+00
+9.63000E-03,+2.94024476E+00,+2.94462000E+00
+9.64000E-03,+2.94008144E+00,+2.94425568E+00
+9.65000E-03,+2.94060920E+00,+2.94389136E+00
+9.66000E-03,+2.93985550E+00,+2.94408605E+00
+9.67000E-03,+2.94173992E+00,+2.94433100E+00
+9.68000E-03,+2.94020732E+00,+2.94434987E+00
+9.69000E-03,+2.94021957E+00,+2.94463257E+00
+9.70000E-03,+2.94136340E+00,+2.94382836E+00
+9.71000E-03,+2.94016957E+00,+2.94453206E+00
+9.72000E-03,+2.94000631E+00,+2.94417396E+00
+9.73000E-03,+2.94081009E+00,+2.94406721E+00
+9.74000E-03,+2.94032050E+00,+2.94438131E+00
+9.75000E-03,+2.94016951E+00,+2.94433097E+00
+9.76000E-03,+2.94025701E+00,+2.94441275E+00
+9.77000E-03,+2.94101134E+00,+2.94353308E+00
+9.78000E-03,+2.94138779E+00,+2.94361483E+00
+9.79000E-03,+2.94108647E+00,+2.94364629E+00
+9.80000E-03,+2.94010700E+00,+2.94417396E+00
+9.81000E-03,+2.94109915E+00,+2.94467663E+00
+9.82000E-03,+2.94131297E+00,+2.94424922E+00
+9.83000E-03,+2.94156416E+00,+2.94524799E+00
+9.84000E-03,+2.94197836E+00,+2.94480210E+00
+9.85000E-03,+2.94180292E+00,+2.94495898E+00
+9.86000E-03,+2.94000637E+00,+2.94495914E+00
+9.87000E-03,+2.94163917E+00,+2.94443175E+00
+9.88000E-03,+2.94140078E+00,+2.94459494E+00
+9.89000E-03,+2.94190336E+00,+2.94503445E+00
+9.90000E-03,+2.94060920E+00,+2.94543040E+00
+9.91000E-03,+2.94111178E+00,+2.94455716E+00
+9.92000E-03,+2.94123772E+00,+2.94455707E+00
+9.93000E-03,+2.94186524E+00,+2.94470169E+00
+9.94000E-03,+2.94079771E+00,+2.94507242E+00
+9.95000E-03,+2.94054639E+00,+2.94461369E+00
+9.96000E-03,+2.94075952E+00,+2.94454454E+00
+9.97000E-03,+2.94065933E+00,+2.94425559E+00
+9.98000E-03,+2.94082246E+00,+2.94428072E+00
+9.99000E-03,+2.94253119E+00,+2.94472663E+00
+10.00000E-03,+2.94079783E+00,+2.94448803E+00
+10.01000E-03,+2.94132547E+00,+2.94477701E+00
+10.02000E-03,+2.94048364E+00,+2.94438122E+00
+10.03000E-03,+2.94048364E+00,+2.94496548E+00
+10.04000E-03,+2.94068458E+00,+2.94454460E+00
+10.05000E-03,+2.94048364E+00,+2.94455091E+00
+10.06000E-03,+2.94138797E+00,+2.94419290E+00
+10.07000E-03,+2.93985550E+00,+2.94507855E+00
+10.08000E-03,+2.94088558E+00,+2.94475817E+00
+10.09000E-03,+2.94075989E+00,+2.94502820E+00
+10.10000E-03,+2.94117447E+00,+2.94461357E+00
+10.11000E-03,+2.94119953E+00,+2.94453191E+00
+10.12000E-03,+2.94079771E+00,+2.94468285E+00
+10.13000E-03,+2.94021969E+00,+2.94522308E+00
+10.14000E-03,+2.94103646E+00,+2.94456335E+00
+10.15000E-03,+2.94155141E+00,+2.94568153E+00
+10.16000E-03,+2.94058433E+00,+2.94522286E+00
+10.17000E-03,+2.94128778E+00,+2.94516018E+00
+10.18000E-03,+2.94087321E+00,+2.94507842E+00
+10.19000E-03,+2.94072271E+00,+2.94496539E+00
+10.20000E-03,+2.94180267E+00,+2.94470782E+00
+10.21000E-03,+2.94084758E+00,+2.94502811E+00
+10.22000E-03,+2.93988037E+00,+2.94502211E+00
+10.23000E-03,+2.94132528E+00,+2.94443156E+00
+10.24000E-03,+2.94153866E+00,+2.94433100E+00
+10.25000E-03,+2.93954149E+00,+2.94495901E+00
+10.26000E-03,+2.94106159E+00,+2.94506599E+00
+10.27000E-03,+2.94027001E+00,+2.94433100E+00
+10.28000E-03,+2.94033295E+00,+2.94455069E+00
+10.29000E-03,+2.94062208E+00,+2.94461382E+00
+10.30000E-03,+2.93954175E+00,+2.94436244E+00
+10.31000E-03,+2.94048364E+00,+2.94448803E+00
+10.32000E-03,+2.94135060E+00,+2.94466388E+00
+10.33000E-03,+2.94011912E+00,+2.94473294E+00
+10.34000E-03,+2.94153930E+00,+2.94455710E+00
+10.35000E-03,+2.94148853E+00,+2.94464507E+00
+10.36000E-03,+2.94181536E+00,+2.94526706E+00
+10.37000E-03,+2.93974295E+00,+2.94460728E+00
+10.38000E-03,+2.94156449E+00,+2.94490902E+00
+10.39000E-03,+2.94126240E+00,+2.94495914E+00
+10.40000E-03,+2.94186516E+00,+2.94455065E+00
+10.41000E-03,+2.94191573E+00,+2.94522286E+00
+10.42000E-03,+2.94173992E+00,+2.94439397E+00
+10.43000E-03,+2.94130054E+00,+2.94531096E+00
+10.44000E-03,+2.94108678E+00,+2.94525446E+00
+10.45000E-03,+2.94123728E+00,+2.94473935E+00
+10.46000E-03,+2.94008150E+00,+2.94471403E+00
+10.47000E-03,+2.94156423E+00,+2.94519158E+00
+10.48000E-03,+2.94091064E+00,+2.94475182E+00
+10.49000E-03,+2.94132522E+00,+2.94495914E+00
+10.50000E-03,+2.94079790E+00,+2.94495904E+00
+10.51000E-03,+2.94163955E+00,+2.94477701E+00
+10.52000E-03,+2.94163948E+00,+2.94460123E+00
+10.53000E-03,+2.94206668E+00,+2.94466411E+00
+10.54000E-03,+2.94182773E+00,+2.94434366E+00
+10.55000E-03,+2.94148873E+00,+2.94458219E+00
+10.56000E-03,+2.94050889E+00,+2.94434994E+00
+10.57000E-03,+2.94122465E+00,+2.94509736E+00
+10.58000E-03,+2.94160160E+00,+2.94461985E+00
+10.59000E-03,+2.94140118E+00,+2.94548040E+00
+10.60000E-03,+2.94029559E+00,+2.94439368E+00
+10.61000E-03,+2.94135041E+00,+2.94500916E+00
+10.62000E-03,+2.94200361E+00,+2.94522283E+00
+10.63000E-03,+2.94255683E+00,+2.94464507E+00
+10.64000E-03,+2.94055895E+00,+2.94464507E+00
+10.65000E-03,+2.94192810E+00,+2.94492767E+00
+10.66000E-03,+2.94062189E+00,+2.94441891E+00
+10.67000E-03,+2.94097372E+00,+2.94387887E+00
+10.68000E-03,+2.94111178E+00,+2.94403581E+00
+10.69000E-03,+2.94079771E+00,+2.94462008E+00
+10.70000E-03,+2.94174025E+00,+2.94470798E+00
+10.71000E-03,+2.94185292E+00,+2.94491510E+00
+10.72000E-03,+2.93983063E+00,+2.94485887E+00
+10.73000E-03,+2.94185285E+00,+2.94485239E+00
+10.74000E-03,+2.94079771E+00,+2.94483335E+00
+10.75000E-03,+2.94048377E+00,+2.94574405E+00
+10.76000E-03,+2.94195362E+00,+2.94558728E+00
+10.77000E-03,+2.94099858E+00,+2.94506596E+00
+10.78000E-03,+2.94124977E+00,+2.94503448E+00
+10.79000E-03,+2.94153898E+00,+2.94475820E+00
+10.80000E-03,+2.94167737E+00,+2.94552440E+00
+10.81000E-03,+2.94107389E+00,+2.94467033E+00
+10.82000E-03,+2.94059650E+00,+2.94517261E+00
+10.83000E-03,+2.94034531E+00,+2.94518534E+00
+10.84000E-03,+2.94065958E+00,+2.94504711E+00
+10.85000E-03,+2.94086039E+00,+2.94514751E+00
+10.86000E-03,+2.94229262E+00,+2.94504073E+00
+10.87000E-03,+2.94108659E+00,+2.94480210E+00
+10.88000E-03,+2.94108672E+00,+2.94423661E+00
+10.89000E-03,+2.94158930E+00,+2.94476445E+00
+10.90000E-03,+2.94029513E+00,+2.94473916E+00
+10.91000E-03,+2.94086086E+00,+2.94494634E+00
+10.92000E-03,+2.93999355E+00,+2.94504715E+00
+10.93000E-03,+2.94083546E+00,+2.94521056E+00
+10.94000E-03,+2.94143834E+00,+2.94540525E+00
+10.95000E-03,+2.94136344E+00,+2.94577586E+00
+10.96000E-03,+2.94019449E+00,+2.94460103E+00
+10.97000E-03,+2.94138856E+00,+2.94501591E+00
+10.98000E-03,+2.94058421E+00,+2.94473946E+00
+10.99000E-03,+2.94153864E+00,+2.94480210E+00
+11.00000E-03,+2.94048370E+00,+2.94448803E+00
+11.01000E-03,+2.94033309E+00,+2.94504090E+00
+11.02000E-03,+2.94049640E+00,+2.94501574E+00
+11.03000E-03,+2.94142585E+00,+2.94503448E+00
+11.04000E-03,+2.94003111E+00,+2.94495914E+00
+11.05000E-03,+2.94092347E+00,+2.94552440E+00
+11.06000E-03,+2.94079771E+00,+2.94420554E+00
+11.07000E-03,+2.93965429E+00,+2.94509736E+00
+11.08000E-03,+2.94161463E+00,+2.94518534E+00
+11.09000E-03,+2.94104930E+00,+2.94511617E+00
+11.10000E-03,+2.94111178E+00,+2.94505350E+00
+11.11000E-03,+2.94087315E+00,+2.94590750E+00
+11.12000E-03,+2.94224209E+00,+2.94554949E+00
+11.13000E-03,+2.94074759E+00,+2.94527321E+00
+11.14000E-03,+2.94093549E+00,+2.94512259E+00
+11.15000E-03,+2.94067181E+00,+2.94480227E+00
+11.16000E-03,+2.94128759E+00,+2.94520408E+00
+11.17000E-03,+2.94160186E+00,+2.94516622E+00
+11.18000E-03,+2.93993101E+00,+2.94612103E+00
+11.19000E-03,+2.94021954E+00,+2.94513492E+00
+11.20000E-03,+2.94117452E+00,+2.94574432E+00
+11.21000E-03,+2.94035732E+00,+2.94505968E+00
+11.22000E-03,+2.94094853E+00,+2.94620299E+00
+11.23000E-03,+2.94101121E+00,+2.94531732E+00
+11.24000E-03,+2.94170175E+00,+2.94508494E+00
+11.25000E-03,+2.94236758E+00,+2.94480221E+00
+11.26000E-03,+2.94163955E+00,+2.94529830E+00
+11.27000E-03,+2.94196632E+00,+2.94554983E+00
+11.28000E-03,+2.94001888E+00,+2.94559998E+00
+11.29000E-03,+2.94165212E+00,+2.94543024E+00
+11.30000E-03,+2.94230518E+00,+2.94514779E+00
+11.31000E-03,+2.94204136E+00,+2.94606470E+00
+11.32000E-03,+2.94103654E+00,+2.94531083E+00
+11.33000E-03,+2.94034531E+00,+2.94507224E+00
+11.34000E-03,+2.94020739E+00,+2.94436883E+00
+11.35000E-03,+2.93973014E+00,+2.94473926E+00
+11.36000E-03,+2.93994323E+00,+2.94485211E+00
+11.37000E-03,+2.93959182E+00,+2.94510358E+00
+11.38000E-03,+2.93961660E+00,+2.94450056E+00
+11.39000E-03,+2.94015673E+00,+2.94440631E+00
+11.40000E-03,+2.94079771E+00,+2.94423674E+00
+11.41000E-03,+2.93975479E+00,+2.94426187E+00
+11.42000E-03,+2.94048364E+00,+2.94480210E+00
+11.43000E-03,+2.94096075E+00,+2.94460131E+00
+11.44000E-03,+2.94170244E+00,+2.94525447E+00
+11.45000E-03,+2.94098629E+00,+2.94561865E+00
+11.46000E-03,+2.94128794E+00,+2.94471403E+00
+11.47000E-03,+2.94045879E+00,+2.94510375E+00
+11.48000E-03,+2.94048364E+00,+2.94489650E+00
+11.49000E-03,+2.94016957E+00,+2.94585103E+00
+11.50000E-03,+2.94142543E+00,+2.94543035E+00
+11.51000E-03,+2.94016957E+00,+2.94506599E+00
+11.52000E-03,+2.94005636E+00,+2.94532981E+00
+11.53000E-03,+2.94112448E+00,+2.94489650E+00
+11.54000E-03,+2.94133805E+00,+2.94505961E+00
+11.55000E-03,+2.93979261E+00,+2.94470778E+00
+11.56000E-03,+2.94137532E+00,+2.94522268E+00
+11.57000E-03,+2.94076009E+00,+2.94549323E+00
+11.58000E-03,+2.94003124E+00,+2.94543024E+00
+11.59000E-03,+2.94044581E+00,+2.94494022E+00
+11.60000E-03,+2.94117445E+00,+2.94521036E+00
+11.61000E-03,+2.94150130E+00,+2.94551183E+00
+11.62000E-03,+2.94082290E+00,+2.94586356E+00
+11.63000E-03,+2.94137574E+00,+2.94520387E+00
+11.64000E-03,+2.94111178E+00,+2.94547432E+00
+11.65000E-03,+2.93960438E+00,+2.94505340E+00
+11.66000E-03,+2.94055873E+00,+2.94554973E+00
+11.67000E-03,+2.94116182E+00,+2.94536122E+00
+11.68000E-03,+2.94135033E+00,+2.94497802E+00
+11.69000E-03,+2.94145083E+00,+2.94496539E+00
+11.70000E-03,+2.94130036E+00,+2.94514737E+00
+11.71000E-03,+2.94165184E+00,+2.94531725E+00
+11.72000E-03,+2.93999390E+00,+2.94518538E+00
+11.73000E-03,+2.94111178E+00,+2.94521057E+00
+11.74000E-03,+2.94094867E+00,+2.94590742E+00
+11.75000E-03,+2.94173985E+00,+2.94590128E+00
+11.76000E-03,+2.93905084E+00,+2.94522303E+00
+11.77000E-03,+2.94182757E+00,+2.94559367E+00
+11.78000E-03,+2.94078500E+00,+2.94566262E+00
+11.79000E-03,+2.94088550E+00,+2.94584478E+00
+11.80000E-03,+2.94016957E+00,+2.94514762E+00
+11.81000E-03,+2.93984286E+00,+2.94499704E+00
+11.82000E-03,+2.93996835E+00,+2.94554310E+00
+11.83000E-03,+2.94107437E+00,+2.94592658E+00
+11.84000E-03,+2.94093583E+00,+2.94531104E+00
+11.85000E-03,+2.94060934E+00,+2.94552461E+00
+11.86000E-03,+2.94069771E+00,+2.94519776E+00
+11.87000E-03,+2.94192800E+00,+2.94556208E+00
+11.88000E-03,+2.94140079E+00,+2.94604586E+00
+11.89000E-03,+2.94047079E+00,+2.94647899E+00
+11.90000E-03,+2.93966698E+00,+2.94552450E+00
+11.91000E-03,+2.93989304E+00,+2.94569396E+00
+11.92000E-03,+2.94065966E+00,+2.94590135E+00
+11.93000E-03,+2.93980575E+00,+2.94574432E+00
+11.94000E-03,+2.94023202E+00,+2.94634747E+00
+11.95000E-03,+2.94117488E+00,+2.94530458E+00
+11.96000E-03,+2.94126304E+00,+2.94543024E+00
+11.97000E-03,+2.94141343E+00,+2.94558107E+00
+11.98000E-03,+2.94225514E+00,+2.94564374E+00
+11.99000E-03,+2.94163927E+00,+2.94608355E+00
+12.00000E-03,+2.94268177E+00,+2.94543032E+00
+12.01000E-03,+2.94111178E+00,+2.94569414E+00
+12.02000E-03,+2.94229319E+00,+2.94549963E+00
+12.03000E-03,+2.94157653E+00,+2.94573796E+00
+12.04000E-03,+2.94050898E+00,+2.94553071E+00
+12.05000E-03,+2.94167703E+00,+2.94486499E+00
+12.06000E-03,+2.94138794E+00,+2.94574432E+00
+12.07000E-03,+2.94092370E+00,+2.94617780E+00
+12.08000E-03,+2.94137538E+00,+2.94597052E+00
+12.09000E-03,+2.94246834E+00,+2.94520415E+00
+12.10000E-03,+2.94060934E+00,+2.94565013E+00
+12.11000E-03,+2.93906418E+00,+2.94566273E+00
+12.12000E-03,+2.94024516E+00,+2.94607098E+00
+12.13000E-03,+2.94195378E+00,+2.94585124E+00
+12.14000E-03,+2.94175277E+00,+2.94594543E+00
+12.15000E-03,+2.94205435E+00,+2.94561858E+00
+12.16000E-03,+2.94148903E+00,+2.94514776E+00
+12.17000E-03,+2.94070969E+00,+2.94543024E+00
+12.18000E-03,+2.94068442E+00,+2.94546801E+00
+12.19000E-03,+2.94170245E+00,+2.94607712E+00
+12.20000E-03,+2.94236806E+00,+2.94586998E+00
+12.21000E-03,+2.94147566E+00,+2.94556814E+00
+12.22000E-03,+2.94175233E+00,+2.94582594E+00
+12.23000E-03,+2.94173992E+00,+2.94584489E+00
+12.24000E-03,+2.94126275E+00,+2.94576948E+00
+12.25000E-03,+2.94048393E+00,+2.94605835E+00
+12.26000E-03,+2.94136267E+00,+2.94631578E+00
+12.27000E-03,+2.94185313E+00,+2.94579453E+00
+12.28000E-03,+2.94224280E+00,+2.94597669E+00
+12.29000E-03,+2.94098689E+00,+2.94612763E+00
+12.30000E-03,+2.94067230E+00,+2.94583846E+00
+12.31000E-03,+2.94047100E+00,+2.94590135E+00
+12.32000E-03,+2.94103655E+00,+2.94588254E+00
+12.33000E-03,+2.94097344E+00,+2.94603315E+00
+12.34000E-03,+2.94086015E+00,+2.94614636E+00
+12.35000E-03,+2.94117481E+00,+2.94571298E+00
+12.36000E-03,+2.93978005E+00,+2.94577591E+00
+12.37000E-03,+2.94113698E+00,+2.94575691E+00
+12.38000E-03,+2.93988055E+00,+2.94564991E+00
+12.39000E-03,+2.94063424E+00,+2.94538616E+00
+12.40000E-03,+2.94086067E+00,+2.94565006E+00
+12.41000E-03,+2.94104859E+00,+2.94553692E+00
+12.42000E-03,+2.94035764E+00,+2.94578832E+00
+12.43000E-03,+2.94150137E+00,+2.94554952E+00
+12.44000E-03,+2.94176490E+00,+2.94510993E+00
+12.45000E-03,+2.94211673E+00,+2.94558728E+00
+12.46000E-03,+2.94216698E+00,+2.94604593E+00
+12.47000E-03,+2.94191557E+00,+2.94566269E+00
+12.48000E-03,+2.94099886E+00,+2.94553699E+00
+12.49000E-03,+2.94263180E+00,+2.94558728E+00
+12.50000E-03,+2.94173992E+00,+2.94700048E+00
+12.51000E-03,+2.94104859E+00,+2.94653600E+00
+12.52000E-03,+2.94151349E+00,+2.94579453E+00
+12.53000E-03,+2.94127517E+00,+2.94606474E+00
+12.54000E-03,+2.94248120E+00,+2.94548681E+00
+12.55000E-03,+2.94086060E+00,+2.94568143E+00
+12.56000E-03,+2.94148904E+00,+2.94588871E+00
+12.57000E-03,+2.94284575E+00,+2.94600197E+00
+12.58000E-03,+2.94133798E+00,+2.94581349E+00
+12.59000E-03,+2.94191587E+00,+2.94527321E+00
+12.60000E-03,+2.94261909E+00,+2.94508503E+00
+12.61000E-03,+2.94221715E+00,+2.94550570E+00
+12.62000E-03,+2.94108658E+00,+2.94588875E+00
+12.63000E-03,+2.94212914E+00,+2.94617785E+00
+12.64000E-03,+2.94181522E+00,+2.94658001E+00
+12.65000E-03,+2.94067215E+00,+2.94499062E+00
+12.66000E-03,+2.94310881E+00,+2.94607121E+00
+12.67000E-03,+2.94163987E+00,+2.94527321E+00
+12.68000E-03,+2.94185321E+00,+2.94532986E+00
+12.69000E-03,+2.94271959E+00,+2.94619045E+00
+12.70000E-03,+2.94217984E+00,+2.94615249E+00
+12.71000E-03,+2.94173992E+00,+2.94669898E+00
+12.72000E-03,+2.94191557E+00,+2.94622163E+00
+12.73000E-03,+2.94239273E+00,+2.94579460E+00
+12.74000E-03,+2.94243049E+00,+2.94647916E+00
+12.75000E-03,+2.94079809E+00,+2.94700029E+00
+12.76000E-03,+2.94073451E+00,+2.94605188E+00
+12.77000E-03,+2.94229321E+00,+2.94595796E+00
+12.78000E-03,+2.94234263E+00,+2.94613372E+00
+12.79000E-03,+2.94234271E+00,+2.94532978E+00
+12.80000E-03,+2.94236806E+00,+2.94561873E+00
+12.81000E-03,+2.94239334E+00,+2.94620278E+00
+12.82000E-03,+2.94141268E+00,+2.94617781E+00
+12.83000E-03,+2.94341123E+00,+2.94527321E+00
+12.84000E-03,+2.94278240E+00,+2.94597041E+00
+12.85000E-03,+2.94161383E+00,+2.94605839E+00
+12.86000E-03,+2.94260668E+00,+2.94632860E+00
+12.87000E-03,+2.94118738E+00,+2.94580732E+00
+12.88000E-03,+2.94160119E+00,+2.94587630E+00
+12.89000E-03,+2.94166462E+00,+2.94620899E+00
+12.90000E-03,+2.94130030E+00,+2.94637246E+00
+12.91000E-03,+2.94282040E+00,+2.94626579E+00
+12.92000E-03,+2.94245608E+00,+2.94634745E+00
+12.93000E-03,+2.94275766E+00,+2.94645396E+00
+12.94000E-03,+2.94329778E+00,+2.94637870E+00
+12.95000E-03,+2.94211673E+00,+2.94621542E+00
+12.96000E-03,+2.94254425E+00,+2.94615893E+00
+12.97000E-03,+2.94271936E+00,+2.94581973E+00
+12.98000E-03,+2.94151410E+00,+2.94647304E+00
+12.99000E-03,+2.94184057E+00,+2.94603322E+00
+13.00000E-03,+2.94205430E+00,+2.94574455E+00
+13.01000E-03,+2.94312260E+00,+2.94642914E+00
+13.02000E-03,+2.94250687E+00,+2.94658610E+00
+13.03000E-03,+2.94153837E+00,+2.94659211E+00
+13.04000E-03,+2.94145121E+00,+2.94622810E+00
+13.05000E-03,+2.94293331E+00,+2.94662363E+00
+13.06000E-03,+2.94117498E+00,+2.94620278E+00
+13.07000E-03,+2.94186593E+00,+2.94623423E+00
+13.08000E-03,+2.94209137E+00,+2.94664260E+00
+13.09000E-03,+2.94079771E+00,+2.94649165E+00
+13.10000E-03,+2.94086075E+00,+2.94605839E+00
+13.11000E-03,+2.94253122E+00,+2.94557503E+00
+13.12000E-03,+2.94246887E+00,+2.94621542E+00
+13.13000E-03,+2.94176497E+00,+2.94591387E+00
+13.14000E-03,+2.94221746E+00,+2.94644776E+00
+13.15000E-03,+2.94098623E+00,+2.94586987E+00
+13.16000E-03,+2.94127572E+00,+2.94625295E+00
+13.17000E-03,+2.94260613E+00,+2.94643546E+00
+13.18000E-03,+2.94142585E+00,+2.94641022E+00
+13.19000E-03,+2.94145082E+00,+2.94685605E+00
+13.20000E-03,+2.94224298E+00,+2.94630972E+00
+13.21000E-03,+2.94119987E+00,+2.94642895E+00
+13.22000E-03,+2.94098576E+00,+2.94621542E+00
+13.23000E-03,+2.94226748E+00,+2.94658595E+00
+13.24000E-03,+2.94173992E+00,+2.94590135E+00
+13.25000E-03,+2.94174000E+00,+2.94590143E+00
+13.26000E-03,+2.94226771E+00,+2.94644772E+00
+13.27000E-03,+2.94184034E+00,+2.94664911E+00
+13.28000E-03,+2.94207943E+00,+2.94620906E+00
+13.29000E-03,+2.94045828E+00,+2.94627199E+00
+13.30000E-03,+2.94167703E+00,+2.94706290E+00
+13.31000E-03,+2.94111178E+00,+2.94590767E+00
+13.32000E-03,+2.94177753E+00,+2.94633485E+00
+13.33000E-03,+2.94125013E+00,+2.94588266E+00
+13.34000E-03,+2.94282024E+00,+2.94649165E+00
+13.35000E-03,+2.94186563E+00,+2.94668672E+00
+13.36000E-03,+2.94126269E+00,+2.94688741E+00
+13.37000E-03,+2.94147626E+00,+2.94711983E+00
+13.38000E-03,+2.94168982E+00,+2.94728962E+00
+13.39000E-03,+2.94055893E+00,+2.94609603E+00
+13.40000E-03,+2.94117475E+00,+2.94634117E+00
+13.41000E-03,+2.94152659E+00,+2.94656702E+00
+13.42000E-03,+2.94119980E+00,+2.94632845E+00
+13.43000E-03,+2.94138808E+00,+2.94635357E+00
+13.44000E-03,+2.94044619E+00,+2.94655446E+00
+13.45000E-03,+2.94067224E+00,+2.94671809E+00
+13.46000E-03,+2.94245616E+00,+2.94700060E+00
+13.47000E-03,+2.94123780E+00,+2.94747170E+00
+13.48000E-03,+2.94141352E+00,+2.94648536E+00
+13.49000E-03,+2.94101112E+00,+2.94734588E+00
+13.50000E-03,+2.94079763E+00,+2.94684360E+00
+13.51000E-03,+2.94158940E+00,+2.94676178E+00
+13.52000E-03,+2.94163950E+00,+2.94657970E+00
+13.53000E-03,+2.94091022E+00,+2.94637246E+00
+13.54000E-03,+2.94196621E+00,+2.94677431E+00
+13.55000E-03,+2.94117427E+00,+2.94599549E+00
+13.56000E-03,+2.94143849E+00,+2.94605839E+00
+13.57000E-03,+2.94182834E+00,+2.94696299E+00
+13.58000E-03,+2.94106129E+00,+2.94710714E+00
+13.59000E-03,+2.94101151E+00,+2.94614637E+00
+13.60000E-03,+2.94035833E+00,+2.94612124E+00
+13.61000E-03,+2.94101183E+00,+2.94637246E+00
+13.62000E-03,+2.94024518E+00,+2.94641026E+00
+13.63000E-03,+2.94135071E+00,+2.94689365E+00
+13.64000E-03,+2.94118707E+00,+2.94629716E+00
+13.65000E-03,+2.94104920E+00,+2.94662375E+00
+13.66000E-03,+2.94079771E+00,+2.94684356E+00
+13.67000E-03,+2.94025759E+00,+2.94666752E+00
+13.68000E-03,+2.94194068E+00,+2.94684356E+00
+13.69000E-03,+2.94112426E+00,+2.94593880E+00
+13.70000E-03,+2.94161405E+00,+2.94599545E+00
+13.71000E-03,+2.94119988E+00,+2.94648544E+00
+13.72000E-03,+2.94109938E+00,+2.94676814E+00
+13.73000E-03,+2.94175224E+00,+2.94652949E+00
+13.74000E-03,+2.94238014E+00,+2.94639762E+00
+13.75000E-03,+2.94205407E+00,+2.94715751E+00
+13.76000E-03,+2.94315976E+00,+2.94655458E+00
+13.77000E-03,+2.94121220E+00,+2.94623463E+00
+13.78000E-03,+2.94221739E+00,+2.94691890E+00
+13.79000E-03,+2.94294546E+00,+2.94591403E+00
+13.80000E-03,+2.94211729E+00,+2.94668653E+00
+13.81000E-03,+2.94298356E+00,+2.94593296E+00
+13.82000E-03,+2.94186595E+00,+2.94590135E+00
+13.83000E-03,+2.94151371E+00,+2.94564989E+00
+13.84000E-03,+2.94146370E+00,+2.94690034E+00
+13.85000E-03,+2.94324762E+00,+2.94687509E+00
+13.86000E-03,+2.94253121E+00,+2.94657334E+00
+13.87000E-03,+2.94354872E+00,+2.94680575E+00
+13.88000E-03,+2.94171487E+00,+2.94709502E+00
+13.89000E-03,+2.94236806E+00,+2.94645420E+00
+13.90000E-03,+2.94217994E+00,+2.94681207E+00
+13.91000E-03,+2.94250633E+00,+2.94563765E+00
+13.92000E-03,+2.94219202E+00,+2.94628443E+00
+13.93000E-03,+2.94319696E+00,+2.94651061E+00
+13.94000E-03,+2.94356193E+00,+2.94603342E+00
+13.95000E-03,+2.94167719E+00,+2.94599545E+00
+13.96000E-03,+2.94136263E+00,+2.94625947E+00
+13.97000E-03,+2.94142585E+00,+2.94658631E+00
+13.98000E-03,+2.94184050E+00,+2.94611484E+00
+13.99000E-03,+2.94231773E+00,+2.94616509E+00
+14.00000E-03,+2.94205382E+00,+2.94543057E+00
+14.01000E-03,+2.94000600E+00,+2.94655458E+00
+14.02000E-03,+2.94161388E+00,+2.94599537E+00
+14.03000E-03,+2.94032024E+00,+2.94615281E+00
+14.04000E-03,+2.94133807E+00,+2.94647292E+00
+14.05000E-03,+2.94098599E+00,+2.94646659E+00
+14.06000E-03,+2.94106120E+00,+2.94605839E+00
+14.07000E-03,+2.93996831E+00,+2.94627183E+00
+14.08000E-03,+2.94111178E+00,+2.94625935E+00
+14.09000E-03,+2.94034553E+00,+2.94585122E+00
+14.10000E-03,+2.94186563E+00,+2.94571278E+00
+14.11000E-03,+2.94214168E+00,+2.94546797E+00
+14.12000E-03,+2.94258130E+00,+2.94663611E+00
+14.13000E-03,+2.94200390E+00,+2.94576936E+00
+14.14000E-03,+2.94173992E+00,+2.94578196E+00
+14.15000E-03,+2.94349879E+00,+2.94659247E+00
+14.16000E-03,+2.94186637E+00,+2.94609591E+00
+14.17000E-03,+2.94285817E+00,+2.94560629E+00
+14.18000E-03,+2.94240583E+00,+2.94633468E+00
+14.19000E-03,+2.94204151E+00,+2.94625286E+00
+14.20000E-03,+2.94186538E+00,+2.94637246E+00
+14.21000E-03,+2.94239294E+00,+2.94614649E+00
+14.22000E-03,+2.94268213E+00,+2.94677434E+00
+14.23000E-03,+2.94289561E+00,+2.94615897E+00
+14.24000E-03,+2.94221706E+00,+2.94626575E+00
+14.25000E-03,+2.94330977E+00,+2.94605830E+00
+14.26000E-03,+2.94173992E+00,+2.94561236E+00
+14.27000E-03,+2.94298339E+00,+2.94617162E+00
+14.28000E-03,+2.94236806E+00,+2.94668016E+00
+14.29000E-03,+2.94239343E+00,+2.94691865E+00
+14.30000E-03,+2.94255633E+00,+2.94615273E+00
+14.31000E-03,+2.94202870E+00,+2.94592664E+00
+14.32000E-03,+2.94288338E+00,+2.94629063E+00
+14.33000E-03,+2.94290834E+00,+2.94646689E+00
+14.34000E-03,+2.94148824E+00,+2.94668653E+00
+14.35000E-03,+2.94167727E+00,+2.94665499E+00
+14.36000E-03,+2.94228037E+00,+2.94605227E+00
+14.37000E-03,+2.94168950E+00,+2.94624063E+00
+14.38000E-03,+2.94147593E+00,+2.94629055E+00
+14.39000E-03,+2.94182811E+00,+2.94621542E+00
+14.40000E-03,+2.94318473E+00,+2.94590156E+00
+14.41000E-03,+2.94289545E+00,+2.94617790E+00
+14.42000E-03,+2.94151387E+00,+2.94623443E+00
+14.43000E-03,+2.94192878E+00,+2.94633468E+00
+14.44000E-03,+2.94176488E+00,+2.94699436E+00
+14.45000E-03,+2.94180307E+00,+2.94599566E+00
+14.46000E-03,+2.94205399E+00,+2.94700060E+00
+14.47000E-03,+2.94189076E+00,+2.94622162E+00
+14.48000E-03,+2.94133757E+00,+2.94652334E+00
+14.49000E-03,+2.94063464E+00,+2.94589532E+00
+14.50000E-03,+2.94111203E+00,+2.94621559E+00
+14.51000E-03,+2.94147601E+00,+2.94595152E+00
+14.52000E-03,+2.94162668E+00,+2.94627845E+00
+14.53000E-03,+2.94158925E+00,+2.94708866E+00
+14.54000E-03,+2.94102401E+00,+2.94617154E+00
+14.55000E-03,+2.94073481E+00,+2.94656052E+00
+14.56000E-03,+2.94171462E+00,+2.94595194E+00
+14.57000E-03,+2.94133740E+00,+2.94637246E+00
+14.58000E-03,+2.94030793E+00,+2.94646689E+00
+14.59000E-03,+2.94184017E+00,+2.94686249E+00
+14.60000E-03,+2.94129971E+00,+2.94624674E+00
+14.61000E-03,+2.94189084E+00,+2.94632861E+00
+14.62000E-03,+2.94229243E+00,+2.94674955E+00
+14.63000E-03,+2.94207903E+00,+2.94681852E+00
+14.64000E-03,+2.94032015E+00,+2.94630362E+00
+14.65000E-03,+2.94016914E+00,+2.94630968E+00
+14.66000E-03,+2.94096170E+00,+2.94672404E+00
+14.67000E-03,+2.94191597E+00,+2.94641647E+00
+14.68000E-03,+2.94170214E+00,+2.94694394E+00
+14.69000E-03,+2.94202903E+00,+2.94544896E+00
+14.70000E-03,+2.94130082E+00,+2.94646676E+00
+14.71000E-03,+2.94073447E+00,+2.94618380E+00
+14.72000E-03,+2.94191554E+00,+2.94684976E+00
+14.73000E-03,+2.94214227E+00,+2.94690001E+00
+14.74000E-03,+2.94089838E+00,+2.94663619E+00
+14.75000E-03,+2.94111195E+00,+2.94684365E+00
+14.76000E-03,+2.94111178E+00,+2.94634084E+00
+14.77000E-03,+2.94082335E+00,+2.94684356E+00
+14.78000E-03,+2.94156378E+00,+2.94676186E+00
+14.79000E-03,+2.94170292E+00,+2.94684356E+00
+14.80000E-03,+2.94161455E+00,+2.94615274E+00
+14.81000E-03,+2.93926530E+00,+2.94637878E+00
+14.82000E-03,+2.94072250E+00,+2.94691877E+00
+14.83000E-03,+2.94142585E+00,+2.94630327E+00
+14.84000E-03,+2.94156395E+00,+2.94616530E+00
+14.85000E-03,+2.94167728E+00,+2.94671806E+00
+14.86000E-03,+2.94166446E+00,+2.94625926E+00
+14.87000E-03,+2.94074728E+00,+2.94621542E+00
+14.88000E-03,+2.94147593E+00,+2.94504678E+00
+14.89000E-03,+2.94173992E+00,+2.94570667E+00
+14.90000E-03,+2.94086069E+00,+2.94571282E+00
+14.91000E-03,+2.94205399E+00,+2.94581345E+00
+14.92000E-03,+2.94119980E+00,+2.94583832E+00
+14.93000E-03,+2.94288288E+00,+2.94585764E+00
+14.94000E-03,+2.94204151E+00,+2.94668029E+00
+14.95000E-03,+2.94174035E+00,+2.94646676E+00
+14.96000E-03,+2.94153883E+00,+2.94652949E+00
+14.97000E-03,+2.94094855E+00,+2.94653569E+00
+14.98000E-03,+2.94016957E+00,+2.94710734E+00
+14.99000E-03,+2.94163924E+00,+2.94663017E+00
+15.00000E-03,+2.94079814E+00,+2.94700051E+00
+15.01000E-03,+2.94137568E+00,+2.94626559E+00
+15.02000E-03,+2.94142585E+00,+2.94610218E+00
+15.03000E-03,+2.94128792E+00,+2.94629075E+00
+15.04000E-03,+2.94176530E+00,+2.94637246E+00
+15.05000E-03,+2.94249299E+00,+2.94656094E+00
+15.06000E-03,+2.94264418E+00,+2.94606471E+00
+15.07000E-03,+2.94229286E+00,+2.94644766E+00
+15.08000E-03,+2.94151370E+00,+2.94657342E+00
+15.09000E-03,+2.94191588E+00,+2.94679344E+00
+15.10000E-03,+2.94161420E+00,+2.94652949E+00
+15.11000E-03,+2.94118724E+00,+2.94708217E+00
+15.12000E-03,+2.94108656E+00,+2.94679314E+00
+15.13000E-03,+2.94140081E+00,+2.94686860E+00
+15.14000E-03,+2.94135056E+00,+2.94661769E+00
+15.15000E-03,+2.94086070E+00,+2.94596390E+00
+15.16000E-03,+2.94093599E+00,+2.94649198E+00
+15.17000E-03,+2.94214202E+00,+2.94646048E+00
+15.18000E-03,+2.94205399E+00,+2.94609616E+00
+15.19000E-03,+2.94082266E+00,+2.94578174E+00
+15.20000E-03,+2.94161447E+00,+2.94646655E+00
+15.21000E-03,+2.94153883E+00,+2.94607082E+00
+15.22000E-03,+2.94202921E+00,+2.94590754E+00
+15.23000E-03,+2.94152644E+00,+2.94663008E+00
+15.24000E-03,+2.94184060E+00,+2.94660500E+00
+15.25000E-03,+2.94205408E+00,+2.94747161E+00
+15.26000E-03,+2.94079771E+00,+2.94731467E+00
+15.27000E-03,+2.94197923E+00,+2.94699418E+00
+15.28000E-03,+2.94190332E+00,+2.94605202E+00
+15.29000E-03,+2.94128730E+00,+2.94647291E+00
+15.30000E-03,+2.94092351E+00,+2.94678066E+00
+15.31000E-03,+2.94053424E+00,+2.94744640E+00
+15.32000E-03,+2.94091051E+00,+2.94698180E+00
+15.33000E-03,+2.94282050E+00,+2.94720156E+00
+15.34000E-03,+2.94170205E+00,+2.94610850E+00
+15.35000E-03,+2.94274477E+00,+2.94665521E+00
+15.36000E-03,+2.94109957E+00,+2.94743397E+00
+15.37000E-03,+2.94045842E+00,+2.94641028E+00
+15.38000E-03,+2.94147592E+00,+2.94666149E+00
+15.39000E-03,+2.94039543E+00,+2.94692531E+00
+15.40000E-03,+2.94111222E+00,+2.94693805E+00
+15.41000E-03,+2.94062192E+00,+2.94656700E+00
+15.42000E-03,+2.94029564E+00,+2.94738367E+00
+15.43000E-03,+2.94166436E+00,+2.94725800E+00
+15.44000E-03,+2.94023194E+00,+2.94745923E+00
+15.45000E-03,+2.94186581E+00,+2.94806870E+00
+15.46000E-03,+2.94145071E+00,+2.94668653E+00
+15.47000E-03,+2.94111178E+00,+2.94691898E+00
+15.48000E-03,+2.94109948E+00,+2.94658593E+00
+15.49000E-03,+2.94117415E+00,+2.94718280E+00
+15.50000E-03,+2.94236770E+00,+2.94684356E+00
+15.51000E-03,+2.94210415E+00,+2.94699405E+00
+15.52000E-03,+2.94270779E+00,+2.94617163E+00
+15.53000E-03,+2.94157651E+00,+2.94693163E+00
+15.54000E-03,+2.94176531E+00,+2.94679968E+00
+15.55000E-03,+2.94067279E+00,+2.94706350E+00
+15.56000E-03,+2.94229215E+00,+2.94686887E+00
+15.57000E-03,+2.94083531E+00,+2.94703820E+00
+15.58000E-03,+2.94210451E+00,+2.94711371E+00
+15.59000E-03,+2.94146372E+00,+2.94724562E+00
+15.60000E-03,+2.94243069E+00,+2.94765983E+00
+15.61000E-03,+2.94245573E+00,+2.94754717E+00
+15.62000E-03,+2.94289534E+00,+2.94714502E+00
+15.63000E-03,+2.93998068E+00,+2.94726460E+00
+15.64000E-03,+2.94244335E+00,+2.94716409E+00
+15.65000E-03,+2.94192845E+00,+2.94718913E+00
+15.66000E-03,+2.94222978E+00,+2.94679318E+00
+15.67000E-03,+2.94196596E+00,+2.94656754E+00
+15.68000E-03,+2.94126289E+00,+2.94642912E+00
+15.69000E-03,+2.94112425E+00,+2.94775459E+00
+15.70000E-03,+2.94217944E+00,+2.94668653E+00
+15.71000E-03,+2.94082256E+00,+2.94690005E+00
+15.72000E-03,+2.94096093E+00,+2.94629703E+00
+15.73000E-03,+2.94152644E+00,+2.94701289E+00
+15.74000E-03,+2.94184060E+00,+2.94713246E+00
+15.75000E-03,+2.94205417E+00,+2.94731444E+00
+15.76000E-03,+2.94184024E+00,+2.94684356E+00
+15.77000E-03,+2.94205399E+00,+2.94715763E+00
+15.78000E-03,+2.94205399E+00,+2.94676186E+00
+15.79000E-03,+2.94106098E+00,+2.94625930E+00
+15.80000E-03,+2.94067190E+00,+2.94706327E+00
+15.81000E-03,+2.94172726E+00,+2.94699427E+00
+15.82000E-03,+2.94205399E+00,+2.94682476E+00
+15.83000E-03,+2.94177724E+00,+2.94679964E+00
+15.84000E-03,+2.94114965E+00,+2.94706965E+00
+15.85000E-03,+2.94155157E+00,+2.94649817E+00
+15.86000E-03,+2.94128711E+00,+2.94723310E+00
+15.87000E-03,+2.94212964E+00,+2.94696277E+00
+15.88000E-03,+2.94089785E+00,+2.94668653E+00
+15.89000E-03,+2.94152699E+00,+2.94629071E+00
+15.90000E-03,+2.94111178E+00,+2.94652949E+00
+15.91000E-03,+2.94122430E+00,+2.94659863E+00
+15.92000E-03,+2.94219200E+00,+2.94674957E+00
+15.93000E-03,+2.94094883E+00,+2.94651060E+00
+15.94000E-03,+2.94142585E+00,+2.94652326E+00
+15.95000E-03,+2.94224261E+00,+2.94671789E+00
+15.96000E-03,+2.94234321E+00,+2.94641652E+00
+15.97000E-03,+2.94171516E+00,+2.94730848E+00
+15.98000E-03,+2.94121237E+00,+2.94688771E+00
+15.99000E-03,+2.94200365E+00,+2.94760357E+00
+16.00000E-03,+2.94174028E+00,+2.94825688E+00
+16.01000E-03,+2.94210415E+00,+2.94809984E+00
+16.02000E-03,+2.94202831E+00,+2.94727088E+00
+16.03000E-03,+2.94187783E+00,+2.94715126E+00
+16.04000E-03,+2.94185308E+00,+2.94690014E+00
+16.05000E-03,+2.94155120E+00,+2.94737757E+00
+16.06000E-03,+2.94141319E+00,+2.94702591E+00
+16.07000E-03,+2.94236806E+00,+2.94672412E+00
+16.08000E-03,+2.94109857E+00,+2.94708844E+00
+16.09000E-03,+2.94191589E+00,+2.94722668E+00
+16.10000E-03,+2.94167729E+00,+2.94696928E+00
+16.11000E-03,+2.94102411E+00,+2.94759100E+00
+16.12000E-03,+2.94181557E+00,+2.94681834E+00
+16.13000E-03,+2.94297117E+00,+2.94702563E+00
+16.14000E-03,+2.94244334E+00,+2.94680592E+00
+16.15000E-03,+2.94243106E+00,+2.94700060E+00
+16.16000E-03,+2.94236806E+00,+2.94745882E+00
+16.17000E-03,+2.94201593E+00,+2.94718262E+00
+16.18000E-03,+2.94153919E+00,+2.94617173E+00
+16.19000E-03,+2.94235559E+00,+2.94714516E+00
+16.20000E-03,+2.94155129E+00,+2.94715763E+00
+16.21000E-03,+2.94225509E+00,+2.94694411E+00
+16.22000E-03,+2.94173992E+00,+2.94785501E+00
+16.23000E-03,+2.94016957E+00,+2.94659207E+00
+16.24000E-03,+2.94200364E+00,+2.94736501E+00
+16.25000E-03,+2.94174001E+00,+2.94794276E+00
+16.26000E-03,+2.94168976E+00,+2.94713255E+00
+16.27000E-03,+2.94131260E+00,+2.94699418E+00
+16.28000E-03,+2.94205399E+00,+2.94769769E+00
+16.29000E-03,+2.94153901E+00,+2.94757216E+00
+16.30000E-03,+2.94136294E+00,+2.94841368E+00
+16.31000E-03,+2.94205399E+00,+2.94807453E+00
+16.32000E-03,+2.94275732E+00,+2.94717643E+00
+16.33000E-03,+2.94276998E+00,+2.94713897E+00
+16.34000E-03,+2.94236806E+00,+2.94708188E+00
+16.35000E-03,+2.94211662E+00,+2.94712632E+00
+16.36000E-03,+2.94172773E+00,+2.94754717E+00
+16.37000E-03,+2.94320939E+00,+2.94686878E+00
+16.38000E-03,+2.94145088E+00,+2.94703815E+00
+16.39000E-03,+2.94212927E+00,+2.94755992E+00
+16.40000E-03,+2.94136285E+00,+2.94725167E+00
+16.41000E-03,+2.94016957E+00,+2.94806234E+00
+16.42000E-03,+2.94083577E+00,+2.94762874E+00
+16.43000E-03,+2.94142585E+00,+2.94809984E+00
+16.44000E-03,+2.94142585E+00,+2.94808114E+00
+16.45000E-03,+2.94318483E+00,+2.94759761E+00
+16.46000E-03,+2.94234321E+00,+2.94777335E+00
+16.47000E-03,+2.94125025E+00,+2.94731467E+00
+16.48000E-03,+2.94255697E+00,+2.94762874E+00
+16.49000E-03,+2.94142585E+00,+2.94796798E+00
+16.50000E-03,+2.94174020E+00,+2.94684380E+00
+16.51000E-03,+2.94137569E+00,+2.94736482E+00
+16.52000E-03,+2.94175276E+00,+2.94752191E+00
+16.53000E-03,+2.94074670E+00,+2.94747808E+00
+16.54000E-03,+2.94091087E+00,+2.94774190E+00
+16.55000E-03,+2.94280747E+00,+2.94787990E+00
+16.56000E-03,+2.94179055E+00,+2.94701325E+00
+16.57000E-03,+2.94129975E+00,+2.94772938E+00
+16.58000E-03,+2.94168938E+00,+2.94722021E+00
+16.59000E-03,+2.94233018E+00,+2.94738372E+00
+16.60000E-03,+2.94211614E+00,+2.94715763E+00
+16.61000E-03,+2.94048364E+00,+2.94692513E+00
+16.62000E-03,+2.94270735E+00,+2.94769750E+00
+16.63000E-03,+2.94186507E+00,+2.94748422E+00
+16.64000E-03,+2.94223044E+00,+2.94695648E+00
+16.65000E-03,+2.94324774E+00,+2.94696933E+00
+16.66000E-03,+2.94320948E+00,+2.94729592E+00
+16.67000E-03,+2.94236806E+00,+2.94740865E+00
+16.68000E-03,+2.94212956E+00,+2.94780466E+00
+16.69000E-03,+2.94205399E+00,+2.94747170E+00
+16.70000E-03,+2.94249397E+00,+2.94750282E+00
+16.71000E-03,+2.94214212E+00,+2.94748412E+00
+16.72000E-03,+2.94235569E+00,+2.94763492E+00
+16.73000E-03,+2.94246866E+00,+2.94694416E+00
+16.74000E-03,+2.94231771E+00,+2.94631611E+00
+16.75000E-03,+2.94268213E+00,+2.94778572E+00
+16.76000E-03,+2.94127538E+00,+2.94710748E+00
+16.77000E-03,+2.94142585E+00,+2.94716406E+00
+16.78000E-03,+2.94238081E+00,+2.94700060E+00
+16.79000E-03,+2.94205399E+00,+2.94664265E+00
+16.80000E-03,+2.94098644E+00,+2.94731467E+00
+16.81000E-03,+2.94206665E+00,+2.94713864E+00
+16.82000E-03,+2.94122456E+00,+2.94689995E+00
+16.83000E-03,+2.94165207E+00,+2.94663599E+00
+16.84000E-03,+2.94114966E+00,+2.94735255E+00
+16.85000E-03,+2.94073461E+00,+2.94715763E+00
+16.86000E-03,+2.94236806E+00,+2.94731467E+00
+16.87000E-03,+2.94231762E+00,+2.94702582E+00
+16.88000E-03,+2.94181501E+00,+2.94788023E+00
+16.89000E-03,+2.94268213E+00,+2.94750934E+00
+16.90000E-03,+2.94098577E+00,+2.94766024E+00
+16.91000E-03,+2.94148914E+00,+2.94717638E+00
+16.92000E-03,+2.94101185E+00,+2.94742768E+00
+16.93000E-03,+2.94137627E+00,+2.94745281E+00
+16.94000E-03,+2.94265720E+00,+2.94777954E+00
+16.95000E-03,+2.94186583E+00,+2.94731467E+00
+16.96000E-03,+2.94077287E+00,+2.94747170E+00
+16.97000E-03,+2.94109941E+00,+2.94732704E+00
+16.98000E-03,+2.94215459E+00,+2.94725209E+00
+16.99000E-03,+2.94248074E+00,+2.94797397E+00
+17.00000E-03,+2.94111158E+00,+2.94872765E+00
+17.01000E-03,+2.94043348E+00,+2.94718271E+00
